variant,tokens_m,checkpoint,layer,group,mode,B_accuracy,effect_norm,axis_consistency,B_accuracy_c,effect_norm_c,negate,shuffle,negate_c,shuffle_c,pred_mag_only_c,pred_mag_mode_c,resid_mag_only,resid_mag_mode
V5,100,V5@100M,layer_1,V5@100M|layer_1,zero,1.0,0.178737865967883,0.9816571374734243,0.0,-0.18001599320107037,0.0,0.0,-0.3333333333333333,-0.3333333333333333,0.022754607292135576,0.024759856729603513,-0.022754607292135576,-0.024759856729603513
V5,100,V5@100M,layer_1,V5@100M|layer_1,negate,1.0,0.7120078951120377,0.9945606721772088,0.0,0.3532540359430843,1.0,0.0,0.6666666666666667,-0.3333333333333333,-0.0446524595915683,-0.046744775747334356,0.0446524595915683,0.046744775747334356
V5,100,V5@100M,layer_1,V5@100M|layer_1,shuffle,1.0,0.18551581642693943,0.9851187500688765,0.0,-0.17323804274201393,0.0,1.0,-0.3333333333333333,0.6666666666666667,0.021897852299432728,0.021984919017730857,-0.021897852299432728,-0.021984919017730857
V5,100,V5@100M,layer_2,V5@100M|layer_2,zero,1.0,0.19234676659107208,0.9789955880906847,0.0,-0.14799521753081568,0.0,0.0,-0.3333333333333333,-0.3333333333333333,0.01870707705546168,0.017446116756812784,-0.01870707705546168,-0.017446116756812784
V5,100,V5@100M,layer_2,V5@100M|layer_2,negate,1.0,0.6292772872580422,0.9932226538658142,0.0,0.28893530313615445,1.0,0.0,0.6666666666666667,-0.3333333333333333,-0.03652236247894807,-0.032053985868491064,0.03652236247894807,0.032053985868491064
V5,100,V5@100M,layer_2,V5@100M|layer_2,shuffle,1.0,0.199401898516549,0.9816897379027473,0.0,-0.14094008560533877,0.0,1.0,-0.3333333333333333,0.6666666666666667,0.01781528542348639,0.014607869111678285,-0.01781528542348639,-0.014607869111678285
V5,100,V5@100M,layer_3,V5@100M|layer_3,zero,1.0,0.39721883667839897,0.9839067293537987,0.0,-0.1400197562244203,0.0,0.0,-0.3333333333333333,-0.3333333333333333,0.017698952795091406,0.015624472872894788,-0.017698952795091406,-0.015624472872894788
V5,100,V5@100M,layer_3,V5@100M|layer_3,negate,1.0,0.8067827936675813,0.9840515222814348,0.0,0.26954420076476204,1.0,0.0,0.6666666666666667,-0.3333333333333333,-0.034071264042767516,-0.027624940114241173,0.034071264042767516,0.027624940114241173
V5,100,V5@100M,layer_3,V5@100M|layer_3,shuffle,1.0,0.4077141483624776,0.9833135671085782,0.0,-0.12952444454034168,0.0,1.0,-0.3333333333333333,0.6666666666666667,0.0163723112476761,0.012000467241346376,-0.0163723112476761,-0.012000467241346376
V5,100,V5@100M,layer_4,V5@100M|layer_4,zero,1.0,0.43597862124443054,0.941912614636951,0.0,-0.1288401545197876,0.0,0.0,-0.3333333333333333,-0.3333333333333333,0.016285814762476345,0.013070983828498963,-0.016285814762476345,-0.013070983828498963
V5,100,V5@100M,layer_4,V5@100M|layer_4,negate,1.0,0.8042837894625134,0.9386707875463698,0.0,0.23946501369829531,1.0,0.0,0.6666666666666667,-0.3333333333333333,-0.030269156923320394,-0.020754670790896018,0.030269156923320394,0.020754670790896018
V5,100,V5@100M,layer_4,V5@100M|layer_4,shuffle,1.0,0.4541939165857103,0.9458901385466257,0.0,-0.11062485917850784,0.0,1.0,-0.3333333333333333,0.6666666666666667,0.013983342160844063,0.007683686962397087,-0.013983342160844063,-0.007683686962397087
V5,100,V5@100M,layer_5,V5@100M|layer_5,zero,1.0,0.4609154164791107,0.9457762208249834,0.05555555555555547,-0.18743560104458423,0.0,0.0,-0.3333333333333333,-0.3333333333333333,0.023692469866113824,0.026454540300868398,0.03186308568944164,0.02910101525468707
V5,100,V5@100M,layer_5,V5@100M|layer_5,negate,0.8333333333333334,1.0008652706940968,0.9559905893272824,-0.11111111111111116,0.35251425317040186,1.0,0.0,0.6666666666666667,-0.3333333333333333,-0.04455894864193243,-0.04657580486132376,-0.06655216246917872,-0.0645353062497874
V5,100,V5@100M,layer_5,V5@100M|layer_5,shuffle,1.0,0.48327236539787716,0.9506305555502573,0.05555555555555547,-0.1650786521258178,0.0,1.0,-0.3333333333333333,0.6666666666666667,0.02086647877581863,0.02012126456045541,0.034689076779736844,0.03543429099510006
V5,100,V5@100M,layer_6,V5@100M|layer_6,zero,1.0,0.3250967636704445,0.906393332613839,0.0,-0.22305098783086852,0.0,0.0,-0.3333333333333333,-0.3333333333333333,0.02819437064430865,0.03458931132164731,-0.02819437064430865,-0.03458931132164731
V5,100,V5@100M,layer_6,V5@100M|layer_6,negate,1.0,0.9800619698233075,0.9446804920832316,0.0,0.4319142183219945,1.0,0.0,0.6666666666666667,-0.3333333333333333,-0.05459536259552885,-0.06471123995969454,0.05459536259552885,0.06471123995969454
V5,100,V5@100M,layer_6,V5@100M|layer_6,shuffle,1.0,0.3392845210101869,0.9115156597561307,0.0,-0.2088632304911261,0.0,1.0,-0.3333333333333333,0.6666666666666667,0.026400991951220212,0.03012192863804727,-0.026400991951220212,-0.03012192863804727
V5,100,V5@100M,final,V5@100M|final,zero,1.0,0.28248317870828843,0.9028110371695625,0.0,-0.1993686060110728,0.0,0.0,-0.3333333333333333,-0.3333333333333333,0.025200840522515793,0.029180111233867087,-0.025200840522515793,-0.029180111233867087
V5,100,V5@100M,final,V5@100M|final,negate,1.0,0.8684524281157388,0.9427668452262878,0.0,0.3866006433963775,1.0,0.0,0.6666666666666667,-0.3333333333333333,-0.048867579279723745,-0.05436134376553727,0.048867579279723745,0.05436134376553727
V5,100,V5@100M,final,V5@100M|final,shuffle,1.0,0.29461974733405644,0.9082599182923635,0.0,-0.1872320373853048,0.0,1.0,-0.3333333333333333,0.6666666666666667,0.023666738757207963,0.02518123253167022,-0.023666738757207963,-0.02518123253167022
V5,110,V5@110M,layer_1,V5@110M|layer_1,zero,1.0,0.1754052448603842,0.971565283007092,0.0,-0.17506288599084927,0.0,0.0,-0.3333333333333333,-0.3333333333333333,0.022128518423917415,0.023628536908810928,-0.022128518423917415,-0.023628536908810928
V5,110,V5@110M,layer_1,V5@110M|layer_1,negate,1.0,0.7177938901715808,0.9924720260832045,0.0,0.36732575932034733,1.0,0.0,0.6666666666666667,-0.3333333333333333,-0.04643117121423806,-0.04995884297700318,0.04643117121423806,0.04995884297700318
V5,110,V5@110M,layer_1,V5@110M|layer_1,shuffle,1.0,0.1582052575217353,0.9672541850143008,0.0,-0.19226287332949815,0.0,1.0,-0.3333333333333333,0.6666666666666667,0.024302652790320657,0.026330306068192283,-0.024302652790320657,-0.026330306068192283
V5,110,V5@110M,layer_2,V5@110M|layer_2,zero,1.0,0.18600046841634643,0.9745582110351987,0.0,-0.1503613047577717,0.0,0.0,-0.3333333333333333,-0.3333333333333333,0.019006158179927027,0.017986545474377332,-0.019006158179927027,-0.017986545474377332
V5,110,V5@110M,layer_2,V5@110M|layer_2,negate,1.0,0.6580349190367593,0.9894896778795454,0.0,0.3216731458626411,1.0,0.0,0.6666666666666667,-0.3333333333333333,-0.04066053232478414,-0.03953150831945601,0.04066053232478414,0.03953150831945601
V5,110,V5@110M,layer_2,V5@110M|layer_2,shuffle,1.0,0.16504993206924862,0.9729964401986864,0.0,-0.17131184110486952,0.0,1.0,-0.3333333333333333,0.6666666666666667,0.02165437414485713,0.021544962845078716,-0.02165437414485713,-0.021544962845078716
V5,110,V5@110M,layer_3,V5@110M|layer_3,zero,1.0,0.4648839318090015,0.975866887304518,0.11111111111111116,-0.117597361129743,0.0,0.0,-0.3333333333333333,-0.3333333333333333,0.014864689095206681,0.010503061418706121,0.09624642201590448,0.10060804969240504
V5,110,V5@110M,layer_3,V5@110M|layer_3,negate,0.6666666666666666,0.8014789521694183,0.9731799132294126,-0.2222222222222222,0.21899765923067382,1.0,0.0,0.6666666666666667,-0.3333333333333333,-0.02768201672017485,-0.016079802510107443,-0.19454020550204737,-0.20614241971211478
V5,110,V5@110M,layer_3,V5@110M|layer_3,shuffle,1.0,0.4810809948378139,0.9747282365957896,0.11111111111111116,-0.1014002981009306,0.0,1.0,-0.3333333333333333,0.6666666666666667,0.012817327624968143,0.005576741091401278,0.09829378348614301,0.10553437001970989
V5,110,V5@110M,layer_4,V5@110M|layer_4,zero,1.0,0.49582109103600186,0.9401986367172666,0.05555555555555547,-0.10882050212886601,0.0,0.0,-0.3333333333333333,-0.3333333333333333,0.013755265558597192,0.008498373425782446,0.04180028999695828,0.04705718212977302
V5,110,V5@110M,layer_4,V5@110M|layer_4,negate,0.8333333333333334,0.7994306981563568,0.9221791724363962,-0.11111111111111116,0.19478910499148894,1.0,0.0,0.6666666666666667,-0.3333333333333333,-0.024621976692466133,-0.010550421440582882,-0.08648913441864503,-0.10056068967052828
V5,110,V5@110M,layer_4,V5@110M|layer_4,shuffle,1.0,0.5186729903022448,0.9463610417313046,0.05555555555555547,-0.08596860286262309,0.0,1.0,-0.3333333333333333,0.6666666666666667,0.010866711133868962,0.0020520480148004797,0.04468884442168651,0.05350350754075499
V5,110,V5@110M,layer_5,V5@110M|layer_5,zero,1.0,0.5620541423559189,0.9502918157312605,0.11111111111111116,-0.16202063748130102,0.0,0.0,-0.3333333333333333,-0.3333333333333333,0.020479935774320664,0.020649608002102325,0.09063117533679049,0.09046150310900883
V5,110,V5@110M,layer_5,V5@110M|layer_5,negate,0.6666666666666666,1.0300051669279735,0.942896220419142,-0.2222222222222222,0.3059303870907536,1.0,0.0,0.6666666666666667,-0.3333333333333333,-0.038670596390875174,-0.03593576643932061,-0.18355162583134704,-0.1862864557829016
V5,110,V5@110M,layer_5,V5@110M|layer_5,shuffle,1.0,0.5801650302277671,0.9557312528292338,0.11111111111111116,-0.1439097496094528,0.0,1.0,-0.3333333333333333,0.6666666666666667,0.018190660616554534,0.015286158437218344,0.09292045049455663,0.09582495267389282
V5,110,V5@110M,layer_6,V5@110M|layer_6,zero,1.0,0.33460714088545906,0.894354459312227,0.0,-0.2303792930863522,0.0,0.0,-0.3333333333333333,-0.3333333333333333,0.02912069227407167,0.036263140826334535,-0.02912069227407167,-0.036263140826334535
V5,110,V5@110M,layer_6,V5@110M|layer_6,negate,1.0,1.0255229506227705,0.9128879408041636,0.0,0.4605365166509593,1.0,0.0,0.6666666666666667,-0.3333333333333333,-0.05821331423800586,-0.07124874703189676,0.05821331423800586,0.07124874703189676
V5,110,V5@110M,layer_6,V5@110M|layer_6,shuffle,1.0,0.3348292104072041,0.9010575612386068,0.0,-0.23015722356460716,0.0,1.0,-0.3333333333333333,0.6666666666666667,0.029092621963934192,0.03498560620556226,-0.029092621963934192,-0.03498560620556226
V5,110,V5@110M,final,V5@110M|final,zero,1.0,0.29936886371837723,0.8902493947082095,0.0,-0.21004649582836366,0.0,0.0,-0.3333333333333333,-0.3333333333333333,0.02655056054005756,0.03161900623085246,-0.02655056054005756,-0.03161900623085246
V5,110,V5@110M,final,V5@110M|final,negate,1.0,0.9297861340973113,0.9054319295618269,0.0,0.42037077455057037,1.0,0.0,0.6666666666666667,-0.3333333333333333,-0.05313623374177075,-0.06207464717368177,0.05313623374177075,0.06207464717368177
V5,110,V5@110M,final,V5@110M|final,shuffle,1.0,0.2990910808245341,0.8978737956947751,0.0,-0.21032427872220677,0.0,1.0,-0.3333333333333333,0.6666666666666667,0.026585673201713195,0.030455640942829328,-0.026585673201713195,-0.030455640942829328
V5,120,V5@120M,layer_1,V5@120M|layer_1,zero,1.0,0.1685689174466663,0.9832054310374789,0.0,-0.18252944904896945,0.0,0.0,-0.3333333333333333,-0.3333333333333333,0.02307231628980882,0.02533394533676054,-0.02307231628980882,-0.02533394533676054
V5,120,V5@120M,layer_1,V5@120M|layer_1,negate,1.0,0.7095740950769849,0.9947730004787445,0.0,0.35847572858134913,1.0,0.0,0.6666666666666667,-0.3333333333333333,-0.04531249853183755,-0.0479374421139265,0.04531249853183755,0.0479374421139265
V5,120,V5@120M,layer_1,V5@120M|layer_1,shuffle,1.0,0.1751520869632562,0.9829529292053647,0.0,-0.17594627953237954,0.0,1.0,-0.3333333333333333,0.6666666666666667,0.02224018224202872,0.022603496777165933,-0.02224018224202872,-0.022603496777165933
V5,120,V5@120M,layer_2,V5@120M|layer_2,zero,1.0,0.15990118185679117,0.9789642890294393,0.0,-0.14853805758886865,0.0,0.0,-0.3333333333333333,-0.3333333333333333,0.01877569380513924,0.017570104728631408,-0.01877569380513924,-0.017570104728631408
V5,120,V5@120M,layer_2,V5@120M|layer_2,negate,1.0,0.6010429296228621,0.9916039572821723,0.0,0.2926036901772023,1.0,0.0,0.6666666666666667,-0.3333333333333333,-0.036986058537449754,-0.032891867786595315,0.036986058537449754,0.032891867786595315
V5,120,V5@120M,layer_2,V5@120M|layer_2,shuffle,1.0,0.1643736068573263,0.974995858139462,0.0,-0.14406563258833352,0.0,1.0,-0.3333333333333333,0.6666666666666667,0.0182103647323105,0.015321763057963888,-0.0182103647323105,-0.015321763057963888
V5,120,V5@120M,layer_3,V5@120M|layer_3,zero,1.0,0.48980435149537194,0.9679130083984799,0.11111111111111116,-0.09899479012798373,0.0,0.0,-0.3333333333333333,-0.3333333333333333,0.01251326358993894,0.006254121026589683,0.09859784752117222,0.10485699008452148
V5,120,V5@120M,layer_3,V5@120M|layer_3,negate,0.6666666666666666,0.7848129984405305,0.9655578037103018,-0.2222222222222222,0.19601385681717487,1.0,0.0,0.6666666666666667,-0.3333333333333333,-0.024776789308435656,-0.010830162208780093,-0.19744543291378655,-0.21139206001344213
V5,120,V5@120M,layer_3,V5@120M|layer_3,shuffle,1.0,0.4917800749341647,0.9676808714866638,0.11111111111111116,-0.09701906668919097,0.0,1.0,-0.3333333333333333,0.6666666666666667,0.012263525718496694,0.004576041182190378,0.09884758539261447,0.10653506992892078
V5,120,V5@120M,layer_4,V5@120M|layer_4,zero,1.0,0.529486315117942,0.9357907308472527,0.16666666666666663,-0.09482399015514931,0.0,0.0,-0.3333333333333333,-0.3333333333333333,0.011986060902065023,0.005301484938258754,0.1546806057646016,0.16136518172840789
V5,120,V5@120M,layer_4,V5@120M|layer_4,negate,0.5,0.8107688791222043,0.9078224632475111,-0.33333333333333337,0.18645857384911302,1.0,0.0,0.6666666666666667,-0.3333333333333333,-0.02356897044947115,-0.008647677445934105,-0.3097643628838622,-0.3246856558873993
V5,120,V5@120M,layer_4,V5@120M|layer_4,shuffle,1.0,0.5326757215791278,0.9355150891674889,0.16666666666666663,-0.09163458369396349,0.0,1.0,-0.3333333333333333,0.6666666666666667,0.011582909547406098,0.003346192507675306,0.15508375711926053,0.1633204741589913
V5,120,V5@120M,layer_5,V5@120M|layer_5,zero,1.0,0.63194131023354,0.9522849288251665,0.05555555555555547,-0.14101443688074733,0.0,0.0,-0.3333333333333333,-0.3333333333333333,0.017824683666628604,0.015851663986291162,0.03773087188892686,0.03970389156926431
V5,120,V5@120M,layer_5,V5@120M|layer_5,negate,0.8333333333333334,1.0500597374306784,0.9378166794776917,-0.11111111111111116,0.277103990316391,1.0,0.0,0.6666666666666667,-0.3333333333333333,-0.035026846040786805,-0.029351642040484502,-0.07608426507032436,-0.08175946907062666
V5,120,V5@120M,layer_5,V5@120M|layer_5,shuffle,1.0,0.6368661936786439,0.9522137939929962,0.05555555555555547,-0.13608955343564344,0.0,1.0,-0.3333333333333333,0.6666666666666667,0.017202162374158173,0.013499978054193297,0.0383533931813973,0.04205557750136217
V5,120,V5@120M,layer_6,V5@120M|layer_6,zero,1.0,0.4064790548549758,0.9268190330929227,0.0,-0.22072310469768652,0.0,0.0,-0.3333333333333333,-0.3333333333333333,0.02790011864160811,0.034057608651528855,-0.02790011864160811,-0.034057608651528855
V5,120,V5@120M,layer_6,V5@120M|layer_6,negate,1.0,1.0649805449777179,0.9219445685545603,0.0,0.43777838542505554,1.0,0.0,0.6666666666666667,-0.3333333333333333,-0.055336612398687014,-0.06605065140276659,0.055336612398687014,0.06605065140276659
V5,120,V5@120M,layer_6,V5@120M|layer_6,shuffle,1.0,0.41014687882529366,0.9221788545449575,0.0,-0.21705528072736868,0.0,1.0,-0.3333333333333333,0.6666666666666667,0.02743649375707886,0.03199304275123766,-0.02743649375707886,-0.03199304275123766
V5,120,V5@120M,final,V5@120M|final,zero,1.0,0.3733324507872264,0.9263298511505127,0.0,-0.2029031062567676,0.0,0.0,-0.3333333333333333,-0.3333333333333333,0.025647612854432487,0.029987412593365074,-0.025647612854432487,-0.029987412593365074
V5,120,V5@120M,final,V5@120M|final,negate,1.0,0.9791054030259451,0.9217845532629225,0.0,0.4028698459819511,1.0,0.0,0.6666666666666667,-0.3333333333333333,-0.05092405942467079,-0.05807732861552555,0.05092405942467079,0.05807732861552555
V5,120,V5@120M,final,V5@120M|final,shuffle,1.0,0.37626881731881034,0.9208595256010691,0.0,-0.19996673972518364,0.0,1.0,-0.3333333333333333,0.6666666666666667,0.025276446570238323,0.028089916022160523,-0.025276446570238323,-0.028089916022160523
V5,25,V5@25M,layer_1,V5@25M|layer_1,zero,1.0,0.10214666008121437,0.9966134197182126,0.0,-0.051016657164803275,0.0,0.0,-0.3333333333333333,-0.3333333333333333,0.0064486714680177136,-0.004704376434127525,-0.0064486714680177136,0.004704376434127525
V5,25,V5@25M,layer_1,V5@25M|layer_1,negate,1.0,0.28006457620196873,0.9980153342088064,0.0,0.12690125895595109,1.0,0.0,0.6666666666666667,-0.3333333333333333,-0.016040732054262277,0.004955575613636094,0.016040732054262277,-0.004955575613636094
V5,25,V5@25M,layer_1,V5@25M|layer_1,shuffle,1.0,0.0772787154548698,0.9945494400130378,0.0,-0.07588460179114784,0.0,1.0,-0.3333333333333333,0.6666666666666667,0.009592060586244566,-0.0002511991795085541,-0.009592060586244566,0.0002511991795085541
V5,25,V5@25M,layer_2,V5@25M|layer_2,zero,1.0,0.14720864097277322,0.9865649309423234,0.0,-0.03392780241039062,0.0,0.0,-0.3333333333333333,-0.3333333333333333,0.004288584621874691,-0.008607574826122278,-0.004288584621874691,0.008607574826122278
V5,25,V5@25M,layer_2,V5@25M|layer_2,negate,1.0,0.28733722617228824,0.9899808963139852,0.0,0.1062007827891244,1.0,0.0,0.6666666666666667,-0.3333333333333333,-0.013424124509785765,0.009683690308801375,0.013424124509785765,-0.009683690308801375
V5,25,V5@25M,layer_2,V5@25M|layer_2,shuffle,1.0,0.10886346300443013,0.9854323301050398,0.0,-0.07227298037873371,0.0,1.0,-0.3333333333333333,0.6666666666666667,0.009135539887911066,-0.0010761154826791077,-0.009135539887911066,0.0010761154826791077
V5,25,V5@25M,layer_3,V5@25M|layer_3,zero,1.0,0.12566733422378698,0.9553590913613638,0.0,-0.03038271185424593,0.0,0.0,-0.3333333333333333,-0.3333333333333333,0.0038404736402574686,-0.009417295076956916,-0.0038404736402574686,0.009417295076956916
V5,25,V5@25M,layer_3,V5@25M|layer_3,negate,1.0,0.24998767715361384,0.9706435402234396,0.0,0.09393763107558092,1.0,0.0,0.6666666666666667,-0.3333333333333333,-0.011874022230296178,0.012484668767391809,0.011874022230296178,-0.012484668767391809
V5,25,V5@25M,layer_3,V5@25M|layer_3,shuffle,1.0,0.09249512685669793,0.9481650127304925,0.0,-0.06355491922133498,0.0,1.0,-0.3333333333333333,0.6666666666666667,0.008033548590038707,-0.0030673736904348902,-0.008033548590038707,0.0030673736904348902
V5,25,V5@25M,layer_4,V5@25M|layer_4,zero,1.0,0.12165811719993751,0.941154635614819,0.0,-0.034688075659451686,0.0,0.0,-0.3333333333333333,-0.3333333333333333,0.004384685634398492,-0.008433923790645746,-0.004384685634398492,0.008433923790645746
V5,25,V5@25M,layer_4,V5@25M|layer_4,negate,1.0,0.25633617656098473,0.9690604706605276,0.0,0.09998998370159554,1.0,0.0,0.6666666666666667,-0.3333333333333333,-0.01263905929588991,0.01110227460598404,0.01263905929588991,-0.01110227460598404
V5,25,V5@25M,layer_4,V5@25M|layer_4,shuffle,1.0,0.09104428481724527,0.9280238250891367,0.0,-0.06530190804214392,0.0,1.0,-0.3333333333333333,0.6666666666666667,0.008254373661491426,-0.0026683508153382716,-0.008254373661491426,0.0026683508153382716
V5,25,V5@25M,layer_5,V5@25M|layer_5,zero,1.0,0.12622579973604944,0.938251813252767,0.0,-0.04223828921439471,0.0,0.0,-0.3333333333333333,-0.3333333333333333,0.005339057195277483,-0.006709409080304441,-0.005339057195277483,0.006709409080304441
V5,25,V5@25M,layer_5,V5@25M|layer_5,negate,1.0,0.27947592155800927,0.966200010644065,0.0,0.11101183260756511,1.0,0.0,0.6666666666666667,-0.3333333333333333,-0.014032256861444327,0.008584817260547776,0.014032256861444327,-0.008584817260547776
V5,25,V5@25M,layer_5,V5@25M|layer_5,shuffle,1.0,0.09969054555727376,0.9297169049580892,0.0,-0.06877354339317039,0.0,1.0,-0.3333333333333333,0.6666666666666667,0.008693199666166843,-0.0018754081802433318,-0.008693199666166843,0.0018754081802433318
V5,25,V5@25M,layer_6,V5@25M|layer_6,zero,1.0,0.10688941760195626,0.923587312301,0.0,-0.04877848585170726,0.0,0.0,-0.3333333333333333,-0.3333333333333333,0.006165759331288073,-0.005215588378744784,-0.006165759331288073,0.005215588378744784
V5,25,V5@25M,layer_6,V5@25M|layer_6,negate,1.0,0.26659860668910873,0.963742239607705,0.0,0.11093070323544521,1.0,0.0,0.6666666666666667,-0.3333333333333333,-0.014022001844822643,0.008603347702719168,0.014022001844822643,-0.008603347702719168
V5,25,V5@25M,layer_6,V5@25M|layer_6,shuffle,1.0,0.09351568606992562,0.9240916901164584,0.0,-0.0621522173837379,0.0,1.0,-0.3333333333333333,0.6666666666666667,0.007856242513534563,-0.003387759323974391,-0.007856242513534563,0.003387759323974391
V5,25,V5@25M,final,V5@25M|final,zero,1.0,0.08724109745687908,0.9105604853894975,0.0,-0.0422956693779539,0.0,0.0,-0.3333333333333333,-0.3333333333333333,0.005346310234659876,-0.00669630310185502,-0.005346310234659876,0.00669630310185502
V5,25,V5@25M,final,V5@25M|final,negate,1.0,0.22623352913392913,0.9617125689983368,0.0,0.09669676229909616,1.0,0.0,0.6666666666666667,-0.3333333333333333,-0.012222785394846968,0.011854466409791087,0.012222785394846968,-0.011854466409791087
V5,25,V5@25M,final,V5@25M|final,shuffle,1.0,0.07513567391369078,0.9069182607862685,0.0,-0.0544010929211422,0.0,1.0,-0.3333333333333333,0.6666666666666667,0.006876475160187084,-0.005158163307936073,-0.006876475160187084,0.005158163307936073
V5,50,V5@50M,layer_1,V5@50M|layer_1,zero,1.0,0.1706053792602486,0.9931018948554993,0.0,-0.11518846714386238,0.0,0.0,-0.3333333333333333,-0.3333333333333333,0.014560197057124951,0.009952855376973149,-0.014560197057124951,-0.009952855376973149
V5,50,V5@50M,layer_1,V5@50M|layer_1,negate,1.0,0.5108244154188368,0.996688531504737,0.0,0.22503056901472585,1.0,0.0,0.6666666666666667,-0.3333333333333333,-0.028444596147279722,-0.017457755808123556,0.028444596147279722,0.017457755808123556
V5,50,V5@50M,layer_1,V5@50M|layer_1,shuffle,1.0,0.1759517445332474,0.9921790427631803,0.0,-0.10984210187086357,0.0,1.0,-0.3333333333333333,0.6666666666666667,0.013884399090154783,0.007504900431150439,-0.013884399090154783,-0.007504900431150439
V5,50,V5@50M,layer_2,V5@50M|layer_2,zero,1.0,0.22942338635524115,0.9846746391720242,0.0,-0.09322521601010256,0.0,0.0,-0.3333333333333333,-0.3333333333333333,0.011783970647902304,0.0049363151968225775,-0.011783970647902304,-0.0049363151968225775
V5,50,V5@50M,layer_2,V5@50M|layer_2,negate,1.0,0.5006051055259175,0.9891471995247735,0.0,0.17795650316057382,1.0,0.0,0.6666666666666667,-0.3333333333333333,-0.022494281049670998,-0.006705752775320185,0.022494281049670998,0.006705752775320185
V5,50,V5@50M,layer_2,V5@50M|layer_2,shuffle,1.0,0.23791731521487236,0.9849986632664999,0.0,-0.08473128715047135,0.0,1.0,-0.3333333333333333,0.6666666666666667,0.010710310401768706,0.001769437578497634,-0.010710310401768706,-0.001769437578497634
V5,50,V5@50M,layer_3,V5@50M|layer_3,zero,1.0,0.15398398207293618,0.9237756199306912,0.0,-0.10994918658225622,0.0,0.0,-0.3333333333333333,-0.3333333333333333,0.013897934946116257,0.008756171821687505,-0.013897934946116257,-0.008756171821687505
V5,50,V5@50M,layer_3,V5@50M|layer_3,negate,1.0,0.48368240313397515,0.981394930018319,0.0,0.21974923447878275,1.0,0.0,0.6666666666666667,-0.3333333333333333,-0.027777018277075998,-0.016251466869249144,0.027777018277075998,0.016251466869249144
V5,50,V5@50M,layer_3,V5@50M|layer_3,shuffle,1.0,0.15413312075866592,0.9216519229941897,0.0,-0.10980004789652648,0.0,1.0,-0.3333333333333333,0.6666666666666667,0.013879083330959736,0.007495295047561632,-0.013879083330959736,-0.007495295047561632
V5,50,V5@50M,layer_4,V5@50M|layer_4,zero,1.0,0.16568716077340973,0.9164939721425375,0.0,-0.10886681935301534,0.0,0.0,-0.3333333333333333,-0.3333333333333333,0.013761120206440634,0.008508952561565353,-0.013761120206440634,-0.008508952561565353
V5,50,V5@50M,layer_4,V5@50M|layer_4,negate,1.0,0.4915948866142167,0.9743065436681112,0.0,0.21704090648779162,1.0,0.0,0.6666666666666667,-0.3333333333333333,-0.027434676806424182,-0.015632868279036344,0.027434676806424182,0.015632868279036344
V5,50,V5@50M,layer_4,V5@50M|layer_4,shuffle,1.0,0.1663798929916488,0.9186083806885613,0.0,-0.10817408713477628,0.0,1.0,-0.3333333333333333,0.6666666666666667,0.013673556599983549,0.0071239157174709964,-0.013673556599983549,-0.0071239157174709964
V5,50,V5@50M,layer_5,V5@50M|layer_5,zero,1.0,0.18040461341540018,0.893926567501492,0.0,-0.1451736834866029,0.0,0.0,-0.3333333333333333,-0.3333333333333333,0.018350425971323057,0.01680166121531513,-0.018350425971323057,-0.01680166121531513
V5,50,V5@50M,layer_5,V5@50M|layer_5,negate,1.0,0.6118415726555718,0.9716111322244009,0.0,0.28626327575356875,1.0,0.0,0.6666666666666667,-0.3333333333333333,-0.036184609523316744,-0.03144367855808564,0.036184609523316744,0.03144367855808564
V5,50,V5@50M,layer_5,V5@50M|layer_5,shuffle,1.0,0.1844887046350373,0.8957540889581045,0.0,-0.14108959226696577,0.0,1.0,-0.3333333333333333,0.6666666666666667,0.017834183551993676,0.014642017342770501,-0.017834183551993676,-0.014642017342770501
V5,50,V5@50M,layer_6,V5@50M|layer_6,zero,1.0,0.17512422758671972,0.9083340366681417,0.0,-0.13872945791593302,0.0,0.0,-0.3333333333333333,-0.3333333333333333,0.01753585489041501,0.015329760889250556,-0.01753585489041501,-0.015329760889250556
V5,50,V5@50M,layer_6,V5@50M|layer_6,negate,1.0,0.5892106725109948,0.9672489629851447,0.0,0.27535698700834205,1.0,0.0,0.6666666666666667,-0.3333333333333333,-0.03480601913809981,-0.028952615856414128,0.03480601913809981,0.028952615856414128
V5,50,V5@50M,layer_6,V5@50M|layer_6,shuffle,1.0,0.17722615641024378,0.9075786736276414,0.0,-0.13662752909240897,0.0,1.0,-0.3333333333333333,0.6666666666666667,0.017270164247684794,0.013622854967163565,-0.017270164247684794,-0.013622854967163565
V5,50,V5@50M,final,V5@50M|final,zero,1.0,0.14711690321564674,0.898396415842904,0.0,-0.121462629073196,0.0,0.0,-0.3333333333333333,-0.3333333333333333,0.015353271540400391,0.011385912132714258,-0.015353271540400391,-0.011385912132714258
V5,50,V5@50M,final,V5@50M|final,negate,1.0,0.5099541387624211,0.9660002688566843,0.0,0.2413746064735784,1.0,0.0,0.6666666666666667,-0.3333333333333333,-0.030510535663713374,-0.02119083339845315,0.030510535663713374,0.02119083339845315
V5,50,V5@50M,final,V5@50M|final,shuffle,1.0,0.14866755488846037,0.8981021212206947,0.0,-0.11991197740038237,0.0,1.0,-0.3333333333333333,0.6666666666666667,0.015157264123312978,0.00980492126573889,-0.015157264123312978,-0.00980492126573889
V5,75,V5@75M,layer_1,V5@75M|layer_1,zero,1.0,0.19123906890551248,0.9879116184181638,0.0,-0.14875738281342724,0.0,0.0,-0.3333333333333333,-0.3333333333333333,0.018803417227182723,0.0176201999442631,-0.018803417227182723,-0.0176201999442631
V5,75,V5@75M,layer_1,V5@75M|layer_1,negate,1.0,0.6335702141125997,0.9945151772763994,0.0,0.29357376239366,1.0,0.0,0.6666666666666667,-0.3333333333333333,-0.03710867882211442,-0.0331134381826114,0.03710867882211442,0.0331134381826114
V5,75,V5@75M,layer_1,V5@75M|layer_1,shuffle,1.0,0.19518007213870683,0.9884884754816691,0.0,-0.14481637958023288,0.0,1.0,-0.3333333333333333,0.6666666666666667,0.018305261594931708,0.015493238238348335,-0.018305261594931708,-0.015493238238348335
V5,75,V5@75M,layer_2,V5@75M|layer_2,zero,1.0,0.22999433303872743,0.9855833881431155,0.0,-0.12717122736352462,0.0,0.0,-0.3333333333333333,-0.3333333333333333,0.016074856939425994,0.012689790712500369,-0.016074856939425994,-0.012689790712500369
V5,75,V5@75M,layer_2,V5@75M|layer_2,negate,1.0,0.6094184517860413,0.9930914872222476,0.0,0.2522528913837892,1.0,0.0,0.6666666666666667,-0.3333333333333333,-0.03188558627306301,-0.02367549985383581,0.03188558627306301,0.02367549985383581
V5,75,V5@75M,layer_2,V5@75M|layer_2,shuffle,1.0,0.23208389638198745,0.9856389959653219,0.0,-0.1250816640202646,0.0,1.0,-0.3333333333333333,0.6666666666666667,0.015810729333637016,0.010985709141335452,-0.015810729333637016,-0.010985709141335452
V5,75,V5@75M,layer_3,V5@75M|layer_3,zero,1.0,0.25777165301971966,0.9872035152382321,0.0,-0.16164893298237415,0.0,0.0,-0.3333333333333333,-0.3333333333333333,0.020432951116172243,0.02056470843315175,-0.020432951116172243,-0.02056470843315175
V5,75,V5@75M,layer_3,V5@75M|layer_3,negate,1.0,0.6937755362855064,0.9900752140416039,0.0,0.27435495028341256,1.0,0.0,0.6666666666666667,-0.3333333333333333,-0.03467935843555545,-0.02872374457219571,0.03467935843555545,0.02872374457219571
V5,75,V5@75M,layer_3,V5@75M|layer_3,shuffle,1.0,0.3067145687010553,0.9899106389946408,0.0,-0.11270601730103852,0.0,1.0,-0.3333333333333333,0.6666666666666667,0.014246407319383224,0.00815903613904399,-0.014246407319383224,-0.00815903613904399
V5,75,V5@75M,layer_4,V5@75M|layer_4,zero,1.0,0.322614596121841,0.9312393830882179,0.0,-0.13650586621628868,0.0,0.0,-0.3333333333333333,-0.3333333333333333,0.01725478566426606,0.014821879017045894,-0.01725478566426606,-0.014821879017045894
V5,75,V5@75M,layer_4,V5@75M|layer_4,negate,1.0,0.6943901909722222,0.9640251696109772,0.0,0.2352697286340925,1.0,0.0,0.6666666666666667,-0.3333333333333333,-0.029738859240225818,-0.019796442158732847,0.029738859240225818,0.019796442158732847
V5,75,V5@75M,layer_4,V5@75M|layer_4,shuffle,1.0,0.3603565999203258,0.9472369054953257,0.0,-0.09876386241780388,0.0,1.0,-0.3333333333333333,0.6666666666666667,0.012484073575959763,0.0049745631416869725,-0.012484073575959763,-0.0049745631416869725
V5,75,V5@75M,layer_5,V5@75M|layer_5,zero,1.0,0.3362073070473141,0.9161241253217062,0.0,-0.17767450544569224,0.0,0.0,-0.3333333333333333,-0.3333333333333333,0.02245863562092155,0.024225046681006935,-0.02245863562092155,-0.024225046681006935
V5,75,V5@75M,layer_5,V5@75M|layer_5,negate,1.0,0.8305374996529685,0.9612131781048245,0.0,0.3166556871599622,1.0,0.0,0.6666666666666667,-0.3333333333333333,-0.04002630921852689,-0.038385490226281016,0.04002630921852689,0.038385490226281016
V5,75,V5@75M,layer_5,V5@75M|layer_5,shuffle,1.0,0.37490063077873653,0.9370275504059262,0.0,-0.13898118171426982,0.0,1.0,-0.3333333333333333,0.6666666666666667,0.017567673597605325,0.014160443545274062,-0.017567673597605325,-0.014160443545274062
V5,75,V5@75M,layer_6,V5@75M|layer_6,zero,1.0,0.25158670130703187,0.8768267234166464,0.05555555555555547,-0.1701022592131738,0.0,0.0,-0.3333333333333333,-0.3333333333333333,0.021501479057905205,0.02249549957306382,0.034054076497650264,0.03306005598249165
V5,75,V5@75M,layer_6,V5@75M|layer_6,negate,0.8333333333333334,0.7367757062117258,0.9486864805221558,-0.11111111111111116,0.3150867456915202,1.0,0.0,0.6666666666666667,-0.3333333333333333,-0.03982798991175914,-0.03802713444967899,-0.07128312119935201,-0.07308397666143217
V5,75,V5@75M,layer_6,V5@75M|layer_6,shuffle,1.0,0.2767044740418593,0.8988784551620483,0.05555555555555547,-0.14498448647834633,0.0,1.0,-0.3333333333333333,0.6666666666666667,0.01832651085385393,0.015531634876615167,0.03722904470170154,0.040023920678940304
V5,75,V5@75M,final,V5@75M|final,zero,1.0,0.21908534856306183,0.8674616283840604,0.05555555555555547,-0.15054827528419318,0.0,0.0,-0.3333333333333333,-0.3333333333333333,0.019029791862847478,0.018029250680113268,0.03652576369270799,0.0375263048754422
V5,75,V5@75M,final,V5@75M|final,negate,0.8333333333333334,0.6488339503606161,0.9475886093245612,-0.11111111111111116,0.2792003265133611,1.0,0.0,0.6666666666666667,-0.3333333333333333,-0.03529182975732283,-0.029830457981674545,-0.07581928135378832,-0.08128065312943661
V5,75,V5@75M,final,V5@75M|final,shuffle,1.0,0.24098157261808714,0.8921200599935319,0.05555555555555547,-0.12865205122916787,0.0,1.0,-0.3333333333333333,0.6666666666666667,0.016262037894475348,0.011801207301561277,0.03929351766108012,0.04375434825399419
V4,100,V4@100M,layer_1,V4@100M|layer_1,zero,1.0,0.14314219831592506,0.9580775433116488,0.05555555555555547,-0.19419430941343313,0.0,0.0,-0.3333333333333333,-0.3333333333333333,0.024546792596002873,0.027998270411304295,0.031008762959552596,0.027557285144251174
V4,100,V4@100M,layer_1,V4@100M|layer_1,negate,0.8333333333333334,0.593254480097029,0.990372724003262,-0.11111111111111116,0.2559179723676708,1.0,0.0,0.6666666666666667,-0.3333333333333333,-0.03234886443518135,-0.024512626648369725,-0.07876224667592982,-0.08659848446274143
V4,100,V4@100M,layer_1,V4@100M|layer_1,shuffle,1.0,0.27561284477512044,0.9837292200989194,0.05555555555555547,-0.06172366295423776,0.0,1.0,-0.3333333333333333,0.6666666666666667,0.007802071839178486,-0.003485643762934541,0.047753483716376985,0.05904119931849001
V4,100,V4@100M,layer_2,V4@100M|layer_2,zero,1.0,0.2987106757031547,0.989368329445521,0.0,-0.12978959911399418,0.0,0.0,-0.3333333333333333,-0.3333333333333333,0.01640582764856853,0.013287842750097461,-0.01640582764856853,-0.013287842750097461
V4,100,V4@100M,layer_2,V4@100M|layer_2,negate,1.0,0.6727113558186425,0.9963919520378113,0.0,0.24421108100149364,1.0,0.0,0.6666666666666667,-0.3333333333333333,-0.03086907527360662,-0.02183870143732416,0.03086907527360662,0.02183870143732416
V4,100,V4@100M,layer_2,V4@100M|layer_2,shuffle,1.0,0.31407879292964935,0.9913919303152297,0.0,-0.11442148188749951,0.0,1.0,-0.3333333333333333,0.6666666666666667,0.014463247625038096,0.008550858687226716,-0.014463247625038096,-0.008550858687226716
V4,100,V4@100M,layer_3,V4@100M|layer_3,zero,1.0,0.4027002917395698,0.968230363395479,0.0,-0.1427575396718802,0.0,0.0,-0.3333333333333333,-0.3333333333333333,0.01804501753128557,0.016249799268567733,-0.01804501753128557,-0.016249799268567733
V4,100,V4@100M,layer_3,V4@100M|layer_3,negate,1.0,0.8173558413982391,0.9882911377482944,0.0,0.27189800998678915,1.0,0.0,0.6666666666666667,-0.3333333333333333,-0.03436879318745861,-0.028162564460782375,0.03436879318745861,0.028162564460782375
V4,100,V4@100M,layer_3,V4@100M|layer_3,shuffle,1.0,0.4163173610965411,0.9767024450831943,0.0,-0.12914047031490888,0.0,1.0,-0.3333333333333333,0.6666666666666667,0.016323775656173038,0.011912765192214634,-0.016323775656173038,-0.011912765192214634
V4,100,V4@100M,layer_4,V4@100M|layer_4,zero,1.0,0.362065421210395,0.9444019860691495,0.0,-0.14087927424245406,0.0,0.0,-0.3333333333333333,-0.3333333333333333,0.017807598669344518,0.015820792017395304,-0.017807598669344518,-0.015820792017395304
V4,100,V4@100M,layer_4,V4@100M|layer_4,negate,1.0,0.744785295592414,0.9741174446211921,0.0,0.241840600139565,1.0,0.0,0.6666666666666667,-0.3333333333333333,-0.030569438779384346,-0.021297269186801634,0.030569438779384346,0.021297269186801634
V4,100,V4@100M,layer_4,V4@100M|layer_4,shuffle,1.0,0.4019833695557382,0.961584511730406,0.0,-0.10096132589711082,0.0,1.0,-0.3333333333333333,0.6666666666666667,0.012761840110039814,0.0054764771694063115,-0.012761840110039814,-0.0054764771694063115
V4,100,V4@100M,layer_5,V4@100M|layer_5,zero,1.0,0.3809373163514667,0.9223197996616364,0.0,-0.18530748067078756,0.0,0.0,-0.3333333333333333,-0.3333333333333333,0.023423468526204833,0.025968464660320892,-0.023423468526204833,-0.025968464660320892
V4,100,V4@100M,layer_5,V4@100M|layer_5,negate,1.0,0.8773842255274454,0.9704719814989302,0.0,0.31113942850519116,1.0,0.0,0.6666666666666667,-0.3333333333333333,-0.03932903617528702,-0.037125543189422405,0.03932903617528702,0.037125543189422405
V4,100,V4@100M,layer_5,V4@100M|layer_5,shuffle,1.0,0.44041284918785095,0.9474328193399641,0.0,-0.12583194783440332,0.0,1.0,-0.3333333333333333,0.6666666666666667,0.01590556764908215,0.011157078529101461,-0.01590556764908215,-0.011157078529101461
V4,100,V4@100M,layer_6,V4@100M|layer_6,zero,1.0,0.35666066656510037,0.9187250898944007,0.0,-0.2259463184961567,0.0,0.0,-0.3333333333333333,-0.3333333333333333,0.028560349861477,0.03525062246036641,-0.028560349861477,-0.03525062246036641
V4,100,V4@100M,layer_6,V4@100M|layer_6,negate,1.0,0.9982728577322431,0.965260965956582,0.0,0.415665872670986,1.0,0.0,0.6666666666666667,-0.3333333333333333,-0.052541518834976916,-0.06100001896045145,0.052541518834976916,0.06100001896045145
V4,100,V4@100M,layer_6,V4@100M|layer_6,shuffle,1.0,0.3928874308864276,0.9440175063080258,0.0,-0.1897195541748295,0.0,1.0,-0.3333333333333333,0.6666666666666667,0.023981168973499944,0.025749396500085106,-0.023981168973499944,-0.025749396500085106
V4,100,V4@100M,final,V4@100M|final,zero,1.0,0.3098214682605531,0.9238709145122104,0.11111111111111116,-0.19184546586540008,0.0,0.0,-0.3333333333333333,-0.3333333333333333,0.024249891128662354,0.02746178025491377,0.0868612199824488,0.08364933085619738
V4,100,V4@100M,final,V4@100M|final,negate,0.6666666666666666,0.8541674597395791,0.9653953545623355,-0.2222222222222222,0.3525005256136259,1.0,0.0,0.6666666666666667,-0.3333333333333333,-0.04455721343408804,-0.04657266940383968,-0.17766500878813418,-0.17564955281838251
V4,100,V4@100M,final,V4@100M|final,shuffle,1.0,0.3410118743777275,0.9419669144683414,0.11111111111111116,-0.1606550597482257,0.0,1.0,-0.3333333333333333,0.6666666666666667,0.020307322305425674,0.0191108891489259,0.09080378880568549,0.09200022196218527
V4,110,V4@110M,layer_1,V4@110M|layer_1,zero,1.0,0.15105369728472498,0.9640179839399126,0.05555555555555547,-0.2161868200809867,0.0,0.0,-0.3333333333333333,-0.3333333333333333,0.027326717505504236,0.033021493646984076,0.028228838050051233,0.022534061908571393
V4,110,V4@110M,layer_1,V4@110M|layer_1,negate,0.8333333333333334,0.6465901417864693,0.9871085120571984,-0.11111111111111116,0.27934962442075767,1.0,0.0,0.6666666666666667,-0.3333333333333333,-0.035310701498616134,-0.029864558532030506,-0.07580040961249503,-0.08124655257908066
V4,110,V4@110M,layer_1,V4@110M|layer_1,shuffle,1.0,0.3040777130259408,0.9852802322970496,0.05555555555555547,-0.0631628043397709,0.0,1.0,-0.3333333333333333,0.6666666666666667,0.007983983993111883,-0.003156935114953578,0.047571571562443585,0.05871249067050905
V4,110,V4@110M,layer_2,V4@110M|layer_2,zero,1.0,0.30438024633460575,0.989284959104326,0.0,-0.15000119584578048,0.0,0.0,-0.3333333333333333,-0.3333333333333333,0.01896063924169799,0.017904294408028713,-0.01896063924169799,-0.017904294408028713
V4,110,V4@110M,layer_2,V4@110M|layer_2,negate,1.0,0.7241687460078133,0.9965089923805661,0.0,0.2697873038274271,1.0,0.0,0.6666666666666667,-0.3333333333333333,-0.03410199306091803,-0.027680466332757264,0.03410199306091803,0.027680466332757264
V4,110,V4@110M,layer_2,V4@110M|layer_2,shuffle,1.0,0.33459533419873977,0.9919147259659238,0.0,-0.11978610798164646,0.0,1.0,-0.3333333333333333,0.6666666666666667,0.01514135381922002,0.00977617192472852,-0.01514135381922002,-0.00977617192472852
V4,110,V4@110M,layer_3,V4@110M|layer_3,zero,1.0,0.4040024123258061,0.967543277475569,0.0,-0.16049551163558612,0.0,0.0,-0.3333333333333333,-0.3333333333333333,0.020287154904836662,0.020301259980298997,-0.020287154904836662,-0.020301259980298997
V4,110,V4@110M,layer_3,V4@110M|layer_3,negate,1.0,0.8466772271527184,0.9872851305537753,0.0,0.2821793031913262,1.0,0.0,0.6666666666666667,-0.3333333333333333,-0.035668382102668136,-0.03051087437857914,0.035668382102668136,0.03051087437857914
V4,110,V4@110M,layer_3,V4@110M|layer_3,shuffle,1.0,0.44281413240565193,0.9790022969245911,0.0,-0.12168379155574027,0.0,1.0,-0.3333333333333333,0.6666666666666667,0.015381227197831495,0.010209614398280189,-0.015381227197831495,-0.010209614398280189
V4,110,V4@110M,layer_4,V4@110M|layer_4,zero,1.0,0.33304932299587464,0.9244242144955529,0.0,-0.16049867978802435,0.0,0.0,-0.3333333333333333,-0.3333333333333333,0.02028755536961366,0.020301983605590462,-0.02028755536961366,-0.020301983605590462
V4,110,V4@110M,layer_4,V4@110M|layer_4,negate,1.0,0.7538679308361478,0.9710410932699839,0.0,0.2603199280522488,1.0,0.0,0.6666666666666667,-0.3333333333333333,-0.032905285957173985,-0.02551806010758035,0.032905285957173985,0.02551806010758035
V4,110,V4@110M,layer_4,V4@110M|layer_4,shuffle,1.0,0.39372675451967454,0.9552413556310866,0.0,-0.09982124826422445,0.0,1.0,-0.3333333333333333,0.6666666666666667,0.012617730587560326,0.005216076501989894,-0.012617730587560326,-0.005216076501989894
V4,110,V4@110M,layer_5,V4@110M|layer_5,zero,1.0,0.37912772513098186,0.9193394018544091,0.05555555555555547,-0.19126763084420456,0.0,0.0,-0.3333333333333333,-0.3333333333333333,0.024176850901773957,0.02732979922060916,0.03137870465378151,0.028225756334946308
V4,110,V4@110M,layer_5,V4@110M|layer_5,negate,0.8333333333333334,0.8914636224508286,0.9702299038569132,-0.11111111111111116,0.32106826647564213,1.0,0.0,0.6666666666666667,-0.3333333333333333,-0.0405840736020589,-0.03939335018746794,-0.07052703750905226,-0.07171776092364322
V4,110,V4@110M,layer_5,V4@110M|layer_5,shuffle,1.0,0.44059472034374875,0.9460404349697961,0.05555555555555547,-0.12980063563143768,0.0,1.0,-0.3333333333333333,0.6666666666666667,0.016407222700284958,0.012063550966858808,0.039148332855270515,0.04349200458869666
V4,110,V4@110M,layer_6,V4@110M|layer_6,zero,1.0,0.35491025033924317,0.9034538831975725,0.05555555555555547,-0.2346487042528611,0.0,0.0,-0.3333333333333333,-0.3333333333333333,0.029660359737695628,0.03723830031123677,0.02589519581785984,0.0183172552443187
V4,110,V4@110M,layer_6,V4@110M|layer_6,negate,0.8333333333333334,1.0015883147716522,0.9649146464135911,-0.11111111111111116,0.41202936017954794,1.0,0.0,0.6666666666666667,-0.3333333333333333,-0.05208185182326206,-0.060169417383398156,-0.0590292592878491,-0.050941693727713004
V4,110,V4@110M,layer_6,V4@110M|layer_6,shuffle,1.0,0.41217829866541755,0.9344890382554796,0.05555555555555547,-0.17738065592668673,0.0,1.0,-0.3333333333333333,0.6666666666666667,0.022421492085566416,0.022931117072161382,0.03313406346998905,0.03262443848339409
V4,110,V4@110M,final,V4@110M|final,zero,1.0,0.3080596435401175,0.909509602520201,0.16666666666666663,-0.1920193682114283,0.0,0.0,-0.3333333333333333,-0.3333333333333333,0.02427187295105873,0.027501500608742988,0.1423947937156079,0.13916516605792364
V4,110,V4@110M,final,V4@110M|final,negate,0.5,0.8404077937205633,0.9622074829207526,-0.33333333333333337,0.3403287819690175,1.0,0.0,0.6666666666666667,-0.3333333333333333,-0.04301866543194329,-0.043792569104307316,-0.2903146679013901,-0.2895407642290261
V4,110,V4@110M,final,V4@110M|final,shuffle,1.0,0.3517695979939567,0.929253382815255,0.16666666666666663,-0.1483094137575891,0.0,1.0,-0.3333333333333333,0.6666666666666667,0.018746792480884546,0.01629106849556431,0.1479198741857821,0.15037559817110233
V4,120,V4@120M,layer_1,V4@120M|layer_1,zero,1.0,0.17681793785757488,0.9676190217336019,0.11111111111111105,-0.20765538444673576,0.0,0.0,-0.3333333333333333,-0.3333333333333333,0.026248316281015937,0.031072861844117568,0.08486279483009511,0.08003824926699349
V4,120,V4@120M,layer_1,V4@120M|layer_1,negate,0.8333333333333334,0.6927821354733573,0.9850702782471975,-0.05555555555555558,0.3083088131690467,1.0,0.0,0.6666666666666667,-0.3333333333333333,-0.03897123718629874,-0.036479013425598304,-0.01658431836925684,-0.019076542129957276
V4,120,V4@120M,layer_1,V4@120M|layer_1,shuffle,0.8333333333333334,0.28381989358199966,0.982404950592253,-0.05555555555555558,-0.10065342872231098,0.0,1.0,-0.3333333333333333,0.6666666666666667,0.012722920905282806,0.005406151581480757,-0.06827847646083839,-0.06096170713703634
V4,120,V4@120M,layer_2,V4@120M|layer_2,zero,1.0,0.32570289654864204,0.9902996718883514,0.16666666666666663,-0.148469677677861,0.0,0.0,-0.3333333333333333,-0.3333333333333333,0.01876705036188744,0.01755448634094391,0.14789961630477919,0.1491121803257227
V4,120,V4@120M,layer_2,V4@120M|layer_2,negate,0.6666666666666666,0.7460294233428107,0.9959081080224779,-0.16666666666666674,0.2718568491163077,1.0,0.0,0.6666666666666667,-0.3333333333333333,-0.034363590319496984,-0.02815316306754771,-0.13230307634716976,-0.13851350359911904
V4,120,V4@120M,layer_2,V4@120M|layer_2,shuffle,0.8333333333333334,0.35078540278805626,0.9919807116190592,0.0,-0.1233871714384468,0.0,1.0,-0.3333333333333333,0.6666666666666667,0.015596539957609554,0.01059867672660383,-0.015596539957609554,-0.01059867672660383
V4,120,V4@120M,layer_3,V4@120M|layer_3,zero,1.0,0.4358598424328698,0.972321586476432,0.05555555555555547,-0.15280386943508084,0.0,0.0,-0.3333333333333333,-0.3333333333333333,0.019314906302965913,0.018544442106880128,0.03624064925258956,0.037011113448675345
V4,120,V4@120M,layer_3,V4@120M|layer_3,negate,0.8333333333333334,0.859059707985984,0.9876873029602898,-0.11111111111111116,0.27039599611803333,1.0,0.0,0.6666666666666667,-0.3333333333333333,-0.03417893374706598,-0.027819495355126383,-0.07693217736404517,-0.08329161575598477
V4,120,V4@120M,layer_3,V4@120M|layer_3,shuffle,1.0,0.471071585184998,0.9812350637382932,0.05555555555555547,-0.11759212668295266,0.0,1.0,-0.3333333333333333,0.6666666666666667,0.014864027444100088,0.009275053248246297,0.04069152811145538,0.04628050230730917
V4,120,V4@120M,layer_4,V4@120M|layer_4,zero,1.0,0.38443772660361397,0.9419264793395996,0.0,-0.15851544919941163,0.0,0.0,-0.3333333333333333,-0.3333333333333333,0.020036868570006763,0.01984900167346718,-0.020036868570006763,-0.01984900167346718
V4,120,V4@120M,layer_4,V4@120M|layer_4,negate,1.0,0.7697789983616935,0.9684948523839315,0.0,0.2268258225586679,1.0,0.0,0.6666666666666667,-0.3333333333333333,-0.028671522036784372,-0.017867802639619276,0.028671522036784372,0.017867802639619276
V4,120,V4@120M,layer_4,V4@120M|layer_4,shuffle,1.0,0.4746428024437692,0.9666727681954702,0.0,-0.06831037335925638,0.0,1.0,-0.3333333333333333,0.6666666666666667,0.00863465346677762,-0.001981199033847872,-0.00863465346677762,0.001981199033847872
V4,120,V4@120M,layer_5,V4@120M|layer_5,zero,1.0,0.4085971348815494,0.913167009751002,0.0,-0.1862925230352967,0.0,0.0,-0.3333333333333333,-0.3333333333333333,0.02354798108629435,0.026193454329228105,-0.02354798108629435,-0.026193454329228105
V4,120,V4@120M,layer_5,V4@120M|layer_5,negate,1.0,0.8851885298887888,0.9679441948731741,0.0,0.2902988719719427,1.0,0.0,0.6666666666666667,-0.3333333333333333,-0.03669472201668925,-0.03236543328633798,0.03669472201668925,0.03236543328633798
V4,120,V4@120M,layer_5,V4@120M|layer_5,shuffle,1.0,0.49088330898020005,0.9479741122987535,0.0,-0.10400634893664606,0.0,1.0,-0.3333333333333333,0.6666666666666667,0.013146740930394911,0.006171978957109897,-0.013146740930394911,-0.006171978957109897
V4,120,V4@120M,layer_6,V4@120M|layer_6,zero,1.0,0.34034307466612923,0.8984956641991934,0.05555555555555547,-0.2188525180573817,0.0,0.0,-0.3333333333333333,-0.3333333333333333,0.027663670403597896,0.033630355282508365,0.027891885151957573,0.021925200273047105
V4,120,V4@120M,layer_6,V4@120M|layer_6,negate,0.8333333333333334,0.9528907901710935,0.9655005733172098,-0.11111111111111116,0.3936951974475825,1.0,0.0,0.6666666666666667,-0.3333333333333333,-0.04976435399666617,-0.0559817830730592,-0.06134675711444499,-0.05512932803805196
V4,120,V4@120M,layer_6,V4@120M|layer_6,shuffle,1.0,0.38435291333331,0.9286349051528506,0.05555555555555547,-0.17484267939020093,0.0,1.0,-0.3333333333333333,0.6666666666666667,0.02210068359306829,0.022351427790550875,0.033454871962487184,0.033204127765004594
V4,120,V4@120M,final,V4@120M|final,zero,1.0,0.2966008020771874,0.9020163218180338,0.05555555555555547,-0.18199164641124227,0.0,0.0,-0.3333333333333333,-0.3333333333333333,0.023004336286451627,0.025211107942391252,0.03255121926910384,0.030344447613164217
V4,120,V4@120M,final,V4@120M|final,negate,0.8333333333333334,0.8035734246174494,0.9622271060943604,-0.11111111111111116,0.3249809761290197,1.0,0.0,0.6666666666666667,-0.3333333333333333,-0.041078652833756994,-0.04028703687665126,-0.07003245827735416,-0.07082407423445991
V4,120,V4@120M,final,V4@120M|final,shuffle,1.0,0.33560311877065235,0.9245231846968333,0.05555555555555547,-0.14298932971777734,0.0,1.0,-0.3333333333333333,0.6666666666666667,0.018074316547305354,0.01507592893425999,0.037481239008250115,0.04047962662129548
V4,25,V4@25M,layer_1,V4@25M|layer_1,zero,0.8333333333333334,0.0441470667719841,0.9693192740281423,0.0,-0.06920870303831718,0.0,0.0,-0.3333333333333333,-0.3333333333333333,0.008748205261273274,-0.0005492024788770224,-0.008748205261273274,0.0005492024788770224
V4,25,V4@25M,layer_1,V4@25M|layer_1,negate,0.8333333333333334,0.18517497099108166,0.9937857290108999,0.0,0.07181920118078038,1.0,0.0,0.6666666666666667,-0.3333333333333333,-0.009078180720743984,0.017536652720648915,0.009078180720743984,-0.017536652720648915
V4,25,V4@25M,layer_1,V4@25M|layer_1,shuffle,0.8333333333333334,0.1107452716678381,0.9902621342076195,0.0,-0.002610498142463183,0.0,1.0,-0.3333333333333333,0.6666666666666667,0.0003299754594707084,-0.01698745024177189,-0.0003299754594707084,0.01698745024177189
V4,25,V4@25M,layer_2,V4@25M|layer_2,zero,0.6666666666666666,0.04999282800902923,0.9767693612310622,0.0,-0.041062376496416565,0.0,0.0,-0.3333333333333333,-0.3333333333333333,0.005190418001439114,-0.006977994699171224,-0.005190418001439114,0.006977994699171224
V4,25,V4@25M,layer_2,V4@25M|layer_2,negate,0.6666666666666666,0.1532848978208171,0.9909492697980669,0.0,0.062229693315371315,1.0,0.0,0.6666666666666667,-0.3333333333333333,-0.007866035723390875,0.01972695465826826,0.007866035723390875,-0.01972695465826826
V4,25,V4@25M,layer_2,V4@25M|layer_2,shuffle,0.6666666666666666,0.06988788768649101,0.9876000450717078,0.0,-0.021167316818954784,0.0,1.0,-0.3333333333333333,0.6666666666666667,0.002675617721951766,-0.012748959959097026,-0.002675617721951766,0.012748959959097026
V4,25,V4@25M,layer_3,V4@25M|layer_3,zero,1.0,0.08363008954458767,0.9698649379942152,0.0,-0.06531206056199693,0.0,0.0,-0.3333333333333333,-0.3333333333333333,0.008255656973035989,-0.0014392193270701009,-0.008255656973035989,0.0014392193270701009
V4,25,V4@25M,layer_3,V4@25M|layer_3,negate,1.0,0.25539827512370217,0.9879759914345212,0.0,0.10645612501711757,1.0,0.0,0.6666666666666667,-0.3333333333333333,-0.013456400598258603,0.009625368590463056,0.013456400598258603,-0.009625368590463056
V4,25,V4@25M,layer_3,V4@25M|layer_3,shuffle,1.0,0.10779808565146393,0.9818677140606774,0.0,-0.04114406445512067,0.0,1.0,-0.3333333333333333,0.6666666666666667,0.005200743625222618,-0.008186149263392943,-0.005200743625222618,0.008186149263392943
V4,25,V4@25M,layer_4,V4@25M|layer_4,zero,1.0,0.11453478390143977,0.9576006962193383,0.0,-0.07535036101385399,0.0,0.0,-0.3333333333333333,-0.3333333333333333,0.009524530813636039,0.00085358956768227,-0.009524530813636039,-0.00085358956768227
V4,25,V4@25M,layer_4,V4@25M|layer_4,negate,1.0,0.32234808968173134,0.9798837999502817,0.0,0.13246294476643758,1.0,0.0,0.6666666666666667,-0.3333333333333333,-0.01674374723779937,0.003685252738039915,0.01674374723779937,-0.003685252738039915
V4,25,V4@25M,layer_4,V4@25M|layer_4,shuffle,1.0,0.1327725611627102,0.9685883455806308,0.0,-0.05711258375258357,0.0,1.0,-0.3333333333333333,0.6666666666666667,0.007219216424163333,-0.0045388423057221815,-0.007219216424163333,0.0045388423057221815
V4,25,V4@25M,layer_5,V4@25M|layer_5,zero,1.0,0.14146261662244797,0.9535862604777018,0.0,-0.08426898662690763,0.0,0.0,-0.3333333333333333,-0.3333333333333333,0.01065187411131705,0.002890657917314375,-0.01065187411131705,-0.002890657917314375
V4,25,V4@25M,layer_5,V4@25M|layer_5,negate,1.0,0.3800646811723709,0.9702237513330247,0.0,0.15433307792301532,1.0,0.0,0.6666666666666667,-0.3333333333333333,-0.019508203231710923,-0.0013100187296061474,0.019508203231710923,0.0013100187296061474
V4,25,V4@25M,layer_5,V4@25M|layer_5,shuffle,1.0,0.1556675119532479,0.9577358828650581,0.0,-0.07006409129610769,0.0,1.0,-0.3333333333333333,0.6666666666666667,0.008856329120393872,-0.001580639187708221,-0.008856329120393872,0.001580639187708221
V4,25,V4@25M,layer_6,V4@25M|layer_6,zero,1.0,0.14028186475237212,0.9404756128787994,0.0,-0.07571998128184565,0.0,0.0,-0.3333333333333333,-0.3333333333333333,0.0095712520182124,0.0009380130856070844,-0.0095712520182124,-0.0009380130856070844
V4,25,V4@25M,layer_6,V4@25M|layer_6,negate,1.0,0.3492930655678113,0.9555990596612295,0.0,0.13329121953359355,1.0,0.0,0.6666666666666667,-0.3333333333333333,-0.016848443863479556,0.0034960697421192437,0.016848443863479556,-0.0034960697421192437
V4,25,V4@25M,layer_6,V4@25M|layer_6,shuffle,1.0,0.15843060778246987,0.9489741192923652,0.0,-0.0575712382517479,0.0,1.0,-0.3333333333333333,0.6666666666666667,0.007277191845267157,-0.004434082827726321,-0.007277191845267157,0.004434082827726321
V4,25,V4@25M,final,V4@25M|final,zero,1.0,0.11758071991304557,0.9368157486120859,0.0,-0.06619247552697309,0.0,0.0,-0.3333333333333333,-0.3333333333333333,0.008366944289378906,-0.001238127192753977,-0.008366944289378906,0.001238127192753977
V4,25,V4@25M,final,V4@25M|final,negate,1.0,0.3003290701243613,0.9559576710065206,0.0,0.11655587468434261,1.0,0.0,0.6666666666666667,-0.3333333333333333,-0.014733041819629908,0.0073185243210726215,0.014733041819629908,-0.0073185243210726215
V4,25,V4@25M,final,V4@25M|final,shuffle,1.0,0.13340979628264904,0.9435207645098368,0.0,-0.05036339915736962,0.0,1.0,-0.3333333333333333,0.6666666666666667,0.006366097530251014,-0.0060803971283186166,-0.006366097530251014,0.0060803971283186166
V4,50,V4@50M,layer_1,V4@50M|layer_1,zero,1.0,0.09939598830209838,0.9631588790151808,0.05555555555555547,-0.13889775466587811,0.0,0.0,-0.3333333333333333,-0.3333333333333333,0.017557128147226507,0.015368200890830767,0.03799842740832896,0.0401873546647247
V4,50,V4@50M,layer_1,V4@50M|layer_1,negate,0.8333333333333334,0.41929785244994694,0.9924928678406609,-0.11111111111111116,0.18100410948197046,1.0,0.0,0.6666666666666667,-0.3333333333333333,-0.02287950840525908,-0.0074018446003172225,-0.08823160270585208,-0.10370926651079394
V4,50,V4@50M,layer_1,V4@50M|layer_1,shuffle,1.0,0.19618738815188408,0.9909153050846524,0.05555555555555547,-0.0421063548160924,0.0,1.0,-0.3333333333333333,0.6666666666666667,0.0053223802580325795,-0.007966356290513527,0.050233175297522886,0.06352191184606899
V4,50,V4@50M,layer_2,V4@50M|layer_2,zero,1.0,0.14423400825924343,0.9798372288544973,0.0,-0.08222135998032712,0.0,0.0,-0.3333333333333333,-0.3333333333333333,0.010393047440445592,0.0024229675337750756,-0.010393047440445592,-0.0024229675337750756
V4,50,V4@50M,layer_2,V4@50M|layer_2,negate,1.0,0.38724419971307117,0.9935256607002683,0.0,0.16078883147350062,1.0,0.0,0.6666666666666667,-0.3333333333333333,-0.02032423148677837,-0.0027845521163951032,0.02032423148677837,0.0027845521163951032
V4,50,V4@50M,layer_2,V4@50M|layer_2,shuffle,1.0,0.14788789674639702,0.9883746206760406,0.0,-0.07856747149317353,0.0,1.0,-0.3333333333333333,0.6666666666666667,0.00993118404633278,0.00036158458262004094,-0.00993118404633278,-0.00036158458262004094
V4,50,V4@50M,layer_3,V4@50M|layer_3,zero,1.0,0.2048402987420559,0.9576354258590274,0.0,-0.10284809216305063,0.0,0.0,-0.3333333333333333,-0.3333333333333333,0.013000333505376946,0.007134238654323605,-0.013000333505376946,-0.007134238654323605
V4,50,V4@50M,layer_3,V4@50M|layer_3,negate,1.0,0.5086793833308749,0.9858100447389815,0.0,0.2009909924257684,1.0,0.0,0.6666666666666667,-0.3333333333333333,-0.02540591544439376,-0.01196697026194619,0.02540591544439376,0.01196697026194619
V4,50,V4@50M,layer_3,V4@50M|layer_3,shuffle,1.0,0.20954549064238867,0.9737962782382965,0.0,-0.09814290026271785,0.0,1.0,-0.3333333333333333,0.6666666666666667,0.012405581939016825,0.004832731607622612,-0.012405581939016825,-0.004832731607622612
V4,50,V4@50M,layer_4,V4@50M|layer_4,zero,1.0,0.2175485748383734,0.9396254254711999,0.0,-0.11750566228120415,0.0,0.0,-0.3333333333333333,-0.3333333333333333,0.014853098062373771,0.010482116843817498,-0.014853098062373771,-0.010482116843817498
V4,50,V4@50M,layer_4,V4@50M|layer_4,negate,1.0,0.5511023385657204,0.9799250794781579,0.0,0.2160481014461429,1.0,0.0,0.6666666666666667,-0.3333333333333333,-0.027309183018685356,-0.015406105567443457,0.027309183018685356,0.015406105567443457
V4,50,V4@50M,layer_4,V4@50M|layer_4,shuffle,1.0,0.2365117979546388,0.9622536102930704,0.0,-0.09854243916493874,0.0,1.0,-0.3333333333333333,0.6666666666666667,0.012456084956311586,0.004923988723625966,-0.012456084956311586,-0.004923988723625966
V4,50,V4@50M,layer_5,V4@50M|layer_5,zero,1.0,0.25062945899036193,0.9264237682024637,0.0,-0.14626947542031604,0.0,0.0,-0.3333333333333333,-0.3333333333333333,0.01848893763732643,0.01705194675961268,-0.01848893763732643,-0.01705194675961268
V4,50,V4@50M,layer_5,V4@50M|layer_5,negate,1.0,0.6625070075194041,0.9716933303409152,0.0,0.2656080731087261,1.0,0.0,0.6666666666666667,-0.3333333333333333,-0.03357372469933389,-0.02672590461077898,0.03357372469933389,0.02672590461077898
V4,50,V4@50M,layer_5,V4@50M|layer_5,shuffle,1.0,0.277560336722268,0.9478029840522342,0.0,-0.11933859768840999,0.0,1.0,-0.3333333333333333,0.6666666666666667,0.015084787062007452,0.009673957851166296,-0.015084787062007452,-0.009673957851166296
V4,50,V4@50M,layer_6,V4@50M|layer_6,zero,1.0,0.2426766318579515,0.9131496151288351,0.0,-0.14420019821436317,0.0,0.0,-0.3333333333333333,-0.3333333333333333,0.018227374265301854,0.0165793112565939,-0.018227374265301854,-0.0165793112565939
V4,50,V4@50M,layer_6,V4@50M|layer_6,negate,1.0,0.6510042034917407,0.9549810224109225,0.0,0.26412737341942605,1.0,0.0,0.6666666666666667,-0.3333333333333333,-0.033386559440578376,-0.02638770379338303,0.033386559440578376,0.02638770379338303
V4,50,V4@50M,layer_6,V4@50M|layer_6,shuffle,1.0,0.2669496548672517,0.9388397402233548,0.0,-0.11992717520506296,0.0,1.0,-0.3333333333333333,0.6666666666666667,0.01515918517527653,0.009808392536789154,-0.01515918517527653,-0.009808392536789154
V4,50,V4@50M,final,V4@50M|final,zero,1.0,0.20963934933145842,0.9144351184368134,0.0,-0.12711364803490813,0.0,0.0,-0.3333333333333333,-0.3333333333333333,0.016067578724932297,0.012676639243540167,-0.016067578724932297,-0.012676639243540167
V4,50,V4@50M,final,V4@50M|final,negate,1.0,0.5701315982474221,0.9567287431822883,0.0,0.23337860088105555,1.0,0.0,0.6666666666666667,-0.3333333333333333,-0.029499814538727825,-0.019364497074595217,0.029499814538727825,0.019364497074595217
V4,50,V4@50M,final,V4@50M|final,shuffle,1.0,0.23048804452021918,0.9352838330798678,0.0,-0.10626495284614737,0.0,1.0,-0.3333333333333333,0.6666666666666667,0.01343223581379552,0.0066878578310550435,-0.01343223581379552,-0.0066878578310550435
V4,75,V4@75M,layer_1,V4@75M|layer_1,zero,1.0,0.13445865942372215,0.9665222267309824,0.05555555555555547,-0.16640526083884416,0.0,0.0,-0.3333333333333333,-0.3333333333333333,0.021034166433778683,0.021651082652370847,0.03452138912177678,0.03390447290318462
V4,75,V4@75M,layer_1,V4@75M|layer_1,negate,0.8333333333333334,0.5406181216239929,0.9900324543317159,-0.11111111111111116,0.2397542013614266,1.0,0.0,0.6666666666666667,-0.3333333333333333,-0.030305711184923877,-0.020820723012530552,-0.08080539992618728,-0.09029038809858062
V4,75,V4@75M,layer_1,V4@75M|layer_1,shuffle,1.0,0.22751497973998389,0.9856051736407809,0.05555555555555547,-0.07334894052258242,0.0,1.0,-0.3333333333333333,0.6666666666666667,0.009271544751145193,-0.0008303596398402951,0.046284010804410275,0.056385915195395764
V4,75,V4@75M,layer_2,V4@75M|layer_2,zero,1.0,0.2436979975965288,0.986175407965978,0.05555555555555547,-0.1096368611410812,0.0,0.0,-0.3333333333333333,-0.3333333333333333,0.013858455994080353,0.008684834790780938,0.04169709956147512,0.04687072076477453
V4,75,V4@75M,layer_2,V4@75M|layer_2,negate,0.8333333333333334,0.5885459350215064,0.9957211911678314,-0.11111111111111116,0.23521107628389643,1.0,0.0,0.6666666666666667,-0.3333333333333333,-0.029731445392312972,-0.019783045605115762,-0.08137966571879819,-0.0913280655059954
V4,75,V4@75M,layer_2,V4@75M|layer_2,shuffle,1.0,0.2277606435947948,0.988553351826138,0.05555555555555547,-0.1255742151428152,0.0,1.0,-0.3333333333333333,0.6666666666666667,0.015872989398232614,0.011098210814334823,0.03968256615732285,0.04445734474122065
V4,75,V4@75M,layer_3,V4@75M|layer_3,zero,1.0,0.32713842143615085,0.9595581259992387,0.0,-0.12183186605020813,0.0,0.0,-0.3333333333333333,-0.3333333333333333,0.015399944295749757,0.011470248104647463,-0.015399944295749757,-0.011470248104647463
V4,75,V4@75M,layer_3,V4@75M|layer_3,negate,1.0,0.7133483787377676,0.9838392602072822,0.0,0.2643780912514086,1.0,0.0,0.6666666666666667,-0.3333333333333333,-0.03341825099034821,-0.026444969271538377,0.03341825099034821,0.026444969271538377
V4,75,V4@75M,layer_3,V4@75M|layer_3,shuffle,1.0,0.3064240622851584,0.9686170385943519,0.0,-0.14254622520120058,0.0,1.0,-0.3333333333333333,0.6666666666666667,0.01801830669459847,0.014974721166890947,-0.01801830669459847,-0.014974721166890947
V4,75,V4@75M,layer_4,V4@75M|layer_4,zero,1.0,0.3229786646034982,0.9329006440109677,0.0,-0.13838449230900518,0.0,0.0,-0.3333333333333333,-0.3333333333333333,0.01749225011522057,0.01525096864590806,-0.01749225011522057,-0.01525096864590806
V4,75,V4@75M,layer_4,V4@75M|layer_4,negate,1.0,0.721687020526992,0.9727755023373498,0.0,0.26032386361448856,1.0,0.0,0.6666666666666667,-0.3333333333333333,-0.032905783425046964,-0.025518959013939295,0.032905783425046964,0.025518959013939295
V4,75,V4@75M,layer_4,V4@75M|layer_4,shuffle,1.0,0.3394237856070201,0.9531496498319838,0.0,-0.12193937130548332,0.0,1.0,-0.3333333333333333,0.6666666666666667,0.015413533309826387,0.010267990368031228,-0.015413533309826387,-0.010267990368031228
V4,75,V4@75M,layer_5,V4@75M|layer_5,zero,1.0,0.3429246379269494,0.9153220355510712,0.0,-0.172371038960086,0.0,0.0,-0.3333333333333333,-0.3333333333333333,0.021788260200265565,0.023013702670181917,-0.021788260200265565,-0.023013702670181917
V4,75,V4@75M,layer_5,V4@75M|layer_5,negate,1.0,0.8321759170956082,0.9679888255066342,0.0,0.31688024020857286,1.0,0.0,0.6666666666666667,-0.3333333333333333,-0.0400546934545413,-0.03843677950873152,0.0400546934545413,0.03843677950873152
V4,75,V4@75M,layer_5,V4@75M|layer_5,shuffle,1.0,0.37078647563854855,0.9407271444797516,0.0,-0.14450920124848682,0.0,1.0,-0.3333333333333333,0.6666666666666667,0.01826643325427573,0.015423076838549597,-0.01826643325427573,-0.015423076838549597
V4,75,V4@75M,layer_6,V4@75M|layer_6,zero,1.0,0.3034547550810708,0.9049076901541816,0.05555555555555547,-0.18247796981422992,0.0,0.0,-0.3333333333333333,-0.3333333333333333,0.02306580914703018,0.025322187166353913,0.03248974640852529,0.030233368389201556
V4,75,V4@75M,layer_6,V4@75M|layer_6,negate,0.8333333333333334,0.8333327124516169,0.9511450032393137,-0.11111111111111116,0.3473999875563162,1.0,0.0,0.6666666666666667,-0.3333333333333333,-0.043912488827074714,-0.0454076754806244,-0.06719862228403645,-0.06570343563048675
V4,75,V4@75M,layer_6,V4@75M|layer_6,shuffle,1.0,0.32101070715321434,0.9362636870808072,0.05555555555555547,-0.16492201774208637,0.0,1.0,-0.3333333333333333,0.6666666666666667,0.02084667968004455,0.02008548831427053,0.03470887587551092,0.035470067241284944
V4,75,V4@75M,final,V4@75M|final,zero,1.0,0.2687633339729574,0.9090759125020769,0.11111111111111116,-0.15826457794065835,0.0,0.0,-0.3333333333333333,-0.3333333333333333,0.020005157626593873,0.019791701151703974,0.09110595348451729,0.09131940995940718
V4,75,V4@75M,final,V4@75M|final,negate,0.6666666666666666,0.7296536879407035,0.9545934134059482,-0.2222222222222222,0.3026257760270878,1.0,0.0,0.6666666666666667,-0.3333333333333333,-0.03825288279960013,-0.03518097316761012,-0.18396933942262209,-0.18704124905461209
V4,75,V4@75M,final,V4@75M|final,shuffle,1.0,0.28266671382718617,0.9342979821893904,0.11111111111111116,-0.14436119808642955,0.0,1.0,-0.3333333333333333,0.6666666666666667,0.018247725173006275,0.01538927201590618,0.09286338593810489,0.09572183909520499
V6,100,V6@100M,layer_1,V6@100M|layer_1,zero,1.0,0.19121635953585306,0.9845693111419678,0.0,-0.12901427017317882,0.0,0.0,-0.3333333333333333,-0.3333333333333333,0.01630782354761748,0.01311075290302763,-0.01630782354761748,-0.01311075290302763
V6,100,V6@100M,layer_1,V6@100M|layer_1,negate,1.0,0.5488835639423795,0.9838462803098891,0.0,0.2286529342333476,1.0,0.0,0.6666666666666667,-0.3333333333333333,-0.028902474897676986,-0.01828512606199567,0.028902474897676986,0.01828512606199567
V6,100,V6@100M,layer_1,V6@100M|layer_1,shuffle,1.0,0.22059196564886305,0.9928419391314188,0.0,-0.09963866406016883,0.0,1.0,-0.3333333333333333,0.6666666666666667,0.012594651350059511,0.005174373158968062,-0.012594651350059511,-0.005174373158968062
V6,100,V6@100M,layer_2,V6@100M|layer_2,zero,1.0,0.18687748619251782,0.976337687836753,0.0,-0.13995878012092022,0.0,0.0,-0.3333333333333333,-0.3333333333333333,0.017691245217199707,0.015610545559885695,-0.017691245217199707,-0.015610545559885695
V6,100,V6@100M,layer_2,V6@100M|layer_2,negate,1.0,0.6054536369111803,0.9943069881863065,0.0,0.2786173705977422,1.0,0.0,0.6666666666666667,-0.3333333333333333,-0.035218142232716514,-0.029697307303928878,0.035218142232716514,0.029697307303928878
V6,100,V6@100M,layer_2,V6@100M|layer_2,shuffle,1.0,0.1881776758366161,0.9814784361256493,0.0,-0.13865859047682194,0.0,1.0,-0.3333333333333333,0.6666666666666667,0.017526897015516803,0.014086761744043174,-0.017526897015516803,-0.014086761744043174
V6,100,V6@100M,layer_3,V6@100M|layer_3,zero,1.0,0.22907126487957108,0.9628079334894816,0.0,-0.13482227424780524,0.0,0.0,-0.3333333333333333,-0.3333333333333333,0.017041974161233417,0.014437336368717572,-0.017041974161233417,-0.014437336368717572
V6,100,V6@100M,layer_3,V6@100M|layer_3,negate,1.0,0.6511949416663911,0.9861137900087569,0.0,0.2873014025390148,1.0,0.0,0.6666666666666667,-0.3333333333333333,-0.03631583212694334,-0.03168079303169268,0.03631583212694334,0.03168079303169268
V6,100,V6@100M,layer_3,V6@100M|layer_3,shuffle,1.0,0.2114144108361668,0.9614458117220137,0.0,-0.15247912829120952,0.0,1.0,-0.3333333333333333,0.6666666666666667,0.019273857965709917,0.01724345666297511,-0.019273857965709917,-0.01724345666297511
V6,100,V6@100M,layer_4,V6@100M|layer_4,zero,1.0,0.2788342191941208,0.9582745432853699,0.0,-0.11440955268012154,0.0,0.0,-0.3333333333333333,-0.3333333333333333,0.01446173973440924,0.009774946574653342,-0.01446173973440924,-0.009774946574653342
V6,100,V6@100M,layer_4,V6@100M|layer_4,negate,1.0,0.6497026599115796,0.9739104178216722,0.0,0.25645888803733724,1.0,0.0,0.6666666666666667,-0.3333333333333333,-0.03241723793590511,-0.024636175078173173,0.03241723793590511,0.024636175078173173
V6,100,V6@100M,layer_4,V6@100M|layer_4,shuffle,1.0,0.25119443651702666,0.958786838584476,0.0,-0.1420493353572157,0.0,1.0,-0.3333333333333333,0.6666666666666667,0.017955498201495872,0.01486122850351984,-0.017955498201495872,-0.01486122850351984
V6,100,V6@100M,layer_5,V6@100M|layer_5,zero,1.0,0.314360068904029,0.9458801415231493,0.0,-0.1570932387753769,0.0,0.0,-0.3333333333333333,-0.3333333333333333,0.019857096544698184,0.01952416016009794,-0.019857096544698184,-0.01952416016009794
V6,100,V6@100M,layer_5,V6@100M|layer_5,negate,1.0,0.7577488240268495,0.9712620708677504,0.0,0.2862955163474436,1.0,0.0,0.6666666666666667,-0.3333333333333333,-0.03618868483928974,-0.0314510425058737,0.03618868483928974,0.0314510425058737
V6,100,V6@100M,layer_5,V6@100M|layer_5,shuffle,1.0,0.3422510301073392,0.9636010891861386,0.0,-0.1292022775720667,0.0,1.0,-0.3333333333333333,0.6666666666666667,0.016331588294591554,0.01192688234577577,-0.016331588294591554,-0.01192688234577577
V6,100,V6@100M,layer_6,V6@100M|layer_6,zero,1.0,0.27800293183988994,0.95498326420784,0.0,-0.1416606395332901,0.0,0.0,-0.3333333333333333,-0.3333333333333333,0.017906365784579777,0.01599926060353413,-0.017906365784579777,-0.01599926060353413
V6,100,V6@100M,layer_6,V6@100M|layer_6,negate,1.0,0.6731352027919557,0.9688730471664004,0.0,0.25347163141877566,1.0,0.0,0.6666666666666667,-0.3333333333333333,-0.032039638979126435,-0.023953867492462408,0.032039638979126435,0.023953867492462408
V6,100,V6@100M,layer_6,V6@100M|layer_6,shuffle,1.0,0.3078525794876946,0.963535832034217,0.0,-0.11181099188548543,0.0,1.0,-0.3333333333333333,0.6666666666666667,0.014133273194546643,0.007954606888928257,-0.014133273194546643,-0.007954606888928257
V6,100,V6@100M,final,V6@100M|final,zero,1.0,0.24200126321779358,0.9490018652545081,0.0,-0.13860806022529248,0.0,0.0,-0.3333333333333333,-0.3333333333333333,0.0175205098273038,0.015302032918142505,-0.0175205098273038,-0.015302032918142505
V6,100,V6@100M,final,V6@100M|final,negate,1.0,0.6267903331253264,0.9698505732748244,0.0,0.24618100968224033,1.0,0.0,0.6666666666666667,-0.3333333333333333,-0.03111808066877636,-0.022288645132763983,0.03111808066877636,0.022288645132763983
V6,100,V6@100M,final,V6@100M|final,shuffle,1.0,0.2730363739861382,0.9608665837181939,0.0,-0.10757294945694784,0.0,1.0,-0.3333333333333333,0.6666666666666667,0.01359757084147256,0.0069866122146214835,-0.01359757084147256,-0.0069866122146214835
V6,110,V6@110M,layer_1,V6@110M|layer_1,zero,1.0,0.17006959973110092,0.9745947685506609,0.0,-0.13495552953746587,0.0,0.0,-0.3333333333333333,-0.3333333333333333,0.01705881806344404,0.014467772687581705,-0.01705881806344404,-0.014467772687581705
V6,110,V6@110M,layer_1,V6@110M|layer_1,negate,1.0,0.550593806637658,0.9798340797424316,0.0,0.24556867736909122,1.0,0.0,0.6666666666666667,-0.3333333333333333,-0.03104067987193477,-0.02214878470710071,0.03104067987193477,0.02214878470710071
V6,110,V6@110M,layer_1,V6@110M|layer_1,shuffle,1.0,0.19441198143694136,0.9864385724067688,0.0,-0.11061314783162543,0.0,1.0,-0.3333333333333333,0.6666666666666667,0.01398186180849074,0.007681012019519027,-0.01398186180849074,-0.007681012019519027
V6,110,V6@110M,layer_2,V6@110M|layer_2,zero,1.0,0.18507512865795028,0.9721491932868958,0.0,-0.13847449959980118,0.0,0.0,-0.3333333333333333,-0.3333333333333333,0.017503627329650648,0.015271526858717029,-0.017503627329650648,-0.015271526858717029
V6,110,V6@110M,layer_2,V6@110M|layer_2,negate,1.0,0.598667699429724,0.9922339419523875,0.0,0.2751180711719725,1.0,0.0,0.6666666666666667,-0.3333333333333333,-0.03477581939897781,-0.028898046025858406,0.03477581939897781,0.028898046025858406
V6,110,V6@110M,layer_2,V6@110M|layer_2,shuffle,1.0,0.18690605668558014,0.9758218493726518,0.0,-0.13664357157217133,0.0,1.0,-0.3333333333333333,0.6666666666666667,0.017272192069327157,0.013626519167141384,-0.017272192069327157,-0.013626519167141384
V6,110,V6@110M,layer_3,V6@110M|layer_3,zero,1.0,0.22479873067802852,0.9642524487442441,0.0,-0.13777747308766403,0.0,0.0,-0.3333333333333333,-0.3333333333333333,0.017415520910471702,0.015112321762737795,-0.017415520910471702,-0.015112321762737795
V6,110,V6@110M,layer_3,V6@110M|layer_3,negate,1.0,0.6553348683648639,0.983308474222819,0.0,0.2927586645991713,1.0,0.0,0.6666666666666667,-0.3333333333333333,-0.03700564780865574,-0.03292726488741471,0.03700564780865574,0.03292726488741471
V6,110,V6@110M,layer_3,V6@110M|layer_3,shuffle,1.0,0.20759501225418514,0.9606749912103018,0.0,-0.1549811915115074,0.0,1.0,-0.3333333333333333,0.6666666666666667,0.019590126898184054,0.01781494312467695,-0.019590126898184054,-0.01781494312467695
V6,110,V6@110M,layer_4,V6@110M|layer_4,zero,1.0,0.28362372683154213,0.9664910634358724,0.0,-0.11827739659282893,0.0,0.0,-0.3333333333333333,-0.3333333333333333,0.014950647790498617,0.010658385655711004,-0.014950647790498617,-0.010658385655711004
V6,110,V6@110M,layer_4,V6@110M|layer_4,negate,1.0,0.6633751342693964,0.9694339368078444,0.0,0.26147401084502536,1.0,0.0,0.6666666666666667,-0.3333333333333333,-0.03305116577743479,-0.025781659638721026,0.03305116577743479,0.025781659638721026
V6,110,V6@110M,layer_4,V6@110M|layer_4,shuffle,1.0,0.2587045091721747,0.9643969270918105,0.0,-0.14319661425219637,0.0,1.0,-0.3333333333333333,0.6666666666666667,0.018100517986936165,0.015123273983010015,-0.018100517986936165,-0.015123273983010015
V6,110,V6@110M,layer_5,V6@110M|layer_5,zero,1.0,0.2959696220027076,0.9442452258533902,0.0,-0.1787758218469443,0.0,0.0,-0.3333333333333333,-0.3333333333333333,0.02259784559759783,0.02447659404730042,-0.02259784559759783,-0.02447659404730042
V6,110,V6@110M,layer_5,V6@110M|layer_5,negate,1.0,0.7620049168666204,0.9695448478062948,0.0,0.2872594730169685,1.0,0.0,0.6666666666666667,-0.3333333333333333,-0.0363105320989228,-0.03167121607376425,0.0363105320989228,0.03167121607376425
V6,110,V6@110M,layer_5,V6@110M|layer_5,shuffle,1.0,0.3662617926796277,0.9705855018562741,0.0,-0.10848365117002418,0.0,1.0,-0.3333333333333333,0.6666666666666667,0.013712686501324964,0.007194622026463821,-0.013712686501324964,-0.007194622026463821
V6,110,V6@110M,layer_6,V6@110M|layer_6,zero,1.0,0.2668362404737208,0.9589538607332442,0.0,-0.15597227132982677,0.0,0.0,-0.3333333333333333,-0.3333333333333333,0.01971540261208037,0.0192681243757327,-0.01971540261208037,-0.0192681243757327
V6,110,V6@110M,layer_6,V6@110M|layer_6,negate,1.0,0.6871184292766783,0.9715992907683054,0.0,0.26430991747313076,1.0,0.0,0.6666666666666667,-0.3333333333333333,-0.03340963360294419,-0.026429397965820448,0.03340963360294419,0.026429397965820448
V6,110,V6@110M,layer_6,V6@110M|layer_6,shuffle,1.0,0.31447086566024357,0.9687211844656203,0.0,-0.10833764614330399,0.0,1.0,-0.3333333333333333,0.6666666666666667,0.01369423099086382,0.007161273590087755,-0.01369423099086382,-0.007161273590087755
V6,110,V6@110M,final,V6@110M|final,zero,1.0,0.2383328096734153,0.9499239325523376,0.0,-0.1548149309776447,0.0,0.0,-0.3333333333333333,-0.3333333333333333,0.019569111025710986,0.019003780798205295,-0.019569111025710986,-0.019003780798205295
V6,110,V6@110M,final,V6@110M|final,negate,1.0,0.6550941798422072,0.9731232855055068,0.0,0.2619464391911472,1.0,0.0,0.6666666666666667,-0.3333333333333333,-0.03311088225761257,-0.025889565147160044,0.03311088225761257,0.025889565147160044
V6,110,V6@110M,final,V6@110M|final,shuffle,1.0,0.28601623243755764,0.9663704401916928,0.0,-0.10713150821350237,0.0,1.0,-0.3333333333333333,0.6666666666666667,0.01354177123190157,0.006885784348954733,-0.01354177123190157,-0.006885784348954733
V6,120,V6@120M,layer_1,V6@120M|layer_1,zero,1.0,0.16968864823381105,0.9777292509873708,0.0,-0.13968634798570914,0.0,0.0,-0.3333333333333333,-0.3333333333333333,0.017656808908845915,0.015548320402766314,-0.017656808908845915,-0.015548320402766314
V6,120,V6@120M,layer_1,V6@120M|layer_1,negate,1.0,0.5787500457631217,0.9831668668323092,0.0,0.26937504954360153,1.0,0.0,0.6666666666666667,-0.3333333333333333,-0.03404988277801403,-0.027586304946236883,0.03404988277801403,0.027586304946236883
V6,120,V6@120M,layer_1,V6@120M|layer_1,shuffle,1.0,0.1796862946616279,0.9844857189390395,0.0,-0.1296887015578923,0.0,1.0,-0.3333333333333333,0.6666666666666667,0.01639307386916811,0.012037984543470553,-0.01639307386916811,-0.012037984543470553
V6,120,V6@120M,layer_2,V6@120M|layer_2,zero,1.0,0.17743643869956335,0.9740948776404063,0.0,-0.139099958870146,0.0,0.0,-0.3333333333333333,-0.3333333333333333,0.0175826874165954,0.015414385561266288,-0.0175826874165954,-0.015414385561266288
V6,120,V6@120M,layer_2,V6@120M|layer_2,negate,1.0,0.5915283726321326,0.9937116636170281,0.0,0.2749919750624233,1.0,0.0,0.6666666666666667,-0.3333333333333333,-0.03475988044042842,-0.02886924490728712,0.03475988044042842,0.02886924490728712
V6,120,V6@120M,layer_2,V6@120M|layer_2,shuffle,1.0,0.18064438137743208,0.9800748891300626,0.0,-0.13589201619227728,0.0,1.0,-0.3333333333333333,0.6666666666666667,0.01717719302383302,0.013454859346020838,-0.01717719302383302,-0.013454859346020838
V6,120,V6@120M,layer_3,V6@120M|layer_3,zero,1.0,0.21575078492363295,0.9625533554289076,0.0,-0.13033387064933774,0.0,0.0,-0.3333333333333333,-0.3333333333333333,0.01647462534163349,0.013412157680038155,-0.01647462534163349,-0.013412157680038155
V6,120,V6@120M,layer_3,V6@120M|layer_3,negate,1.0,0.6263960533671908,0.984154052204556,0.0,0.28031139779422015,1.0,0.0,0.6666666666666667,-0.3333333333333333,-0.03543227278252271,-0.030084233421817534,0.03543227278252271,0.030084233421817534
V6,120,V6@120M,layer_3,V6@120M|layer_3,shuffle,1.0,0.1961071284280883,0.9581814110279083,0.0,-0.14997752714488238,0.0,1.0,-0.3333333333333333,0.6666666666666667,0.018957647440889215,0.01667207574177938,-0.018957647440889215,-0.01667207574177938
V6,120,V6@120M,layer_4,V6@120M|layer_4,zero,1.0,0.2725025792088773,0.957392563422521,0.0,-0.10853956281035032,0.0,0.0,-0.3333333333333333,-0.3333333333333333,0.013719753914592292,0.008434205176239835,-0.013719753914592292,-0.008434205176239835
V6,120,V6@120M,layer_4,V6@120M|layer_4,negate,1.0,0.6253608995013766,0.9714265829986997,0.0,0.24431875748214898,1.0,0.0,0.6666666666666667,-0.3333333333333333,-0.03088268593112845,-0.021863295400593764,0.03088268593112845,0.021863295400593764
V6,120,V6@120M,layer_4,V6@120M|layer_4,shuffle,1.0,0.24526294734742907,0.9582305020756192,0.0,-0.13577919467179858,0.0,1.0,-0.3333333333333333,0.6666666666666667,0.017162932016536146,0.013429090224353913,-0.017162932016536146,-0.013429090224353913
V6,120,V6@120M,layer_5,V6@120M|layer_5,zero,1.0,0.3025580984022882,0.9331588115957048,0.0,-0.16772257729812906,0.0,0.0,-0.3333333333333333,-0.3333333333333333,0.02120067952062988,0.021951965746031723,-0.02120067952062988,-0.021951965746031723
V6,120,V6@120M,layer_5,V6@120M|layer_5,negate,1.0,0.754732628663381,0.9696048034562005,0.0,0.2844519529629637,1.0,0.0,0.6666666666666667,-0.3333333333333333,-0.03595565242874639,-0.03102996141288916,0.03595565242874639,0.03102996141288916
V6,120,V6@120M,layer_5,V6@120M|layer_5,shuffle,1.0,0.35355130003558266,0.9641983012358347,0.0,-0.1167293756648346,0.0,1.0,-0.3333333333333333,0.6666666666666667,0.014754972908116505,0.009077995666857429,-0.014754972908116505,-0.009077995666857429
V6,120,V6@120M,layer_6,V6@120M|layer_6,zero,1.0,0.29235848287741345,0.9617431528038449,0.0,-0.1410439886428692,0.0,0.0,-0.3333333333333333,-0.3333333333333333,0.017828419105518876,0.015858413788548388,-0.017828419105518876,-0.015858413788548388
V6,120,V6@120M,layer_6,V6@120M|layer_6,negate,1.0,0.6932843824227651,0.9721887873278724,0.0,0.25988191090248247,1.0,0.0,0.6666666666666667,-0.3333333333333333,-0.03284991916418565,-0.0254180143257416,0.03284991916418565,0.0254180143257416
V6,120,V6@120M,layer_6,V6@120M|layer_6,shuffle,1.0,0.3145645492606693,0.9690935280587938,0.0,-0.11883792225961337,0.0,1.0,-0.3333333333333333,0.6666666666666667,0.01502150005866679,0.009559600537193244,-0.01502150005866679,-0.009559600537193244
V6,120,V6@120M,final,V6@120M|final,zero,1.0,0.25732796556419796,0.9517852365970612,0.0,-0.14593259465915193,0.0,0.0,-0.3333333333333333,-0.3333333333333333,0.018446354812943693,0.016975001144229635,-0.018446354812943693,-0.016975001144229635
V6,120,V6@120M,final,V6@120M|final,negate,1.0,0.6695478012164434,0.9725571307871077,0.0,0.26628724099309353,1.0,0.0,0.6666666666666667,-0.3333333333333333,-0.03365957372985281,-0.02688103068752634,0.03365957372985281,0.02688103068752634
V6,120,V6@120M,final,V6@120M|final,shuffle,1.0,0.2829059138894081,0.9648397101296319,0.0,-0.12035464633394177,0.0,1.0,-0.3333333333333333,0.6666666666666667,0.015213218916909133,0.00990602954329675,-0.015213218916909133,-0.00990602954329675
V6,25,V6@25M,layer_1,V6@25M|layer_1,zero,1.0,0.0768787283450365,0.9838050272729661,0.05555555555555547,-0.05711294565763739,0.0,0.0,-0.3333333333333333,-0.3333333333333333,0.007219262170139732,-0.0033119470534388115,0.048336293385415736,0.05886750260899428
V6,25,V6@25M,layer_1,V6@25M|layer_1,negate,1.0,0.20682981030808556,0.9827049440807767,0.05555555555555547,0.07283813630541167,1.0,0.0,0.6666666666666667,-0.3333333333333333,-0.009206977435996118,0.017303921739131218,0.06476253299155159,0.038251633816424255
V6,25,V6@25M,layer_1,V6@25M|layer_1,shuffle,0.8333333333333334,0.11826648335489962,0.9887751572661929,-0.11111111111111116,-0.01572519064777428,0.0,1.0,-0.3333333333333333,0.6666666666666667,0.001987715265856385,-0.0139919746856924,-0.11309882637696754,-0.09711913642541876
V6,25,V6@25M,layer_2,V6@25M|layer_2,zero,0.8333333333333334,0.08460417182909118,0.9886765943633186,-0.05555555555555558,-0.051582298827943976,0.0,0.0,-0.3333333333333333,-0.3333333333333333,0.0065201704147721876,-0.004575180436985241,-0.06207572597032777,-0.05098037511857034
V6,25,V6@25M,layer_2,V6@25M|layer_2,negate,1.0,0.21674443119102055,0.9946871532334222,0.11111111111111105,0.0805579605339854,1.0,0.0,0.6666666666666667,-0.3333333333333333,-0.010182788337915825,0.015540666919046186,0.12129389944902688,0.09557044419206487
V6,25,V6@25M,layer_2,V6@25M|layer_2,shuffle,0.8333333333333334,0.10721080895099375,0.9912007451057434,-0.05555555555555558,-0.028975661706041406,0.0,1.0,-0.3333333333333333,0.6666666666666667,0.0036626179231436366,-0.010965486482060943,-0.05921817347869922,-0.04459006907349464
V6,25,V6@25M,layer_3,V6@25M|layer_3,zero,1.0,0.11135236567093267,0.9831050402588315,0.05555555555555547,-0.0613048969319573,0.0,0.0,-0.3333333333333333,-0.3333333333333333,0.007749138451345339,-0.0023544798791671796,0.04780641710421013,0.057910035434722645
V6,25,V6@25M,layer_3,V6@25M|layer_3,negate,0.8333333333333334,0.26976923189229435,0.9900258580843607,-0.11111111111111116,0.09711196928940438,1.0,0.0,0.6666666666666667,-0.3333333333333333,-0.01227526890945814,0.011759630607146233,-0.09883584220165302,-0.12287074171825739
V6,25,V6@25M,layer_3,V6@25M|layer_3,shuffle,1.0,0.13685019024544293,0.9855047961076101,0.05555555555555547,-0.03580707235744704,0.0,1.0,-0.3333333333333333,0.6666666666666667,0.004526130458112796,-0.009405150727979058,0.051029425097442675,0.06496070628353452
V6,25,V6@25M,layer_4,V6@25M|layer_4,zero,1.0,0.13470620786150297,0.9787211451265547,0.0,-0.0669682642651929,0.0,0.0,-0.3333333333333333,-0.3333333333333333,0.008465006510218004,-0.00106093232515963,-0.008465006510218004,0.00106093232515963
V6,25,V6@25M,layer_4,V6@25M|layer_4,negate,1.0,0.310926068160269,0.9890079398949941,0.0,0.10925159603357315,1.0,0.0,0.6666666666666667,-0.3333333333333333,-0.013809757230882597,0.008986866003068786,0.013809757230882597,-0.008986866003068786
V6,25,V6@25M,layer_4,V6@25M|layer_4,shuffle,1.0,0.1593911403583156,0.9825042088826498,0.0,-0.04228333176838028,0.0,1.0,-0.3333333333333333,0.6666666666666667,0.005344750720664596,-0.007925933677909143,-0.005344750720664596,0.007925933677909143
V6,25,V6@25M,layer_5,V6@25M|layer_5,zero,1.0,0.15584518180953133,0.9602673980924818,0.0,-0.07317282190477406,0.0,0.0,-0.3333333333333333,-0.3333333333333333,0.00924928278478431,0.0003562263873397266,-0.00924928278478431,-0.0003562263873397266
V6,25,V6@25M,layer_5,V6@25M|layer_5,negate,1.0,0.3499886343876521,0.9741222295496199,0.0,0.12097063067334671,1.0,0.0,0.6666666666666667,-0.3333333333333333,-0.015291081341752735,0.006310167194455905,0.015291081341752735,-0.006310167194455905
V6,25,V6@25M,layer_5,V6@25M|layer_5,shuffle,1.0,0.18122019494573274,0.9629568292034997,0.0,-0.04779780876857265,0.0,1.0,-0.3333333333333333,0.6666666666666667,0.0060417985569684255,-0.006666393581795625,-0.0060417985569684255,0.006666393581795625
V6,25,V6@25M,layer_6,V6@25M|layer_6,zero,1.0,0.1495713856485155,0.9568909804026285,0.0,-0.07027603685855863,0.0,0.0,-0.3333333333333333,-0.3333333333333333,0.00888311972913437,-0.00030541694083139703,-0.00888311972913437,0.00030541694083139703
V6,25,V6@25M,layer_6,V6@25M|layer_6,negate,1.0,0.33518312126398087,0.9720522926913368,0.0,0.11533569875690675,1.0,0.0,0.6666666666666667,-0.3333333333333333,-0.014578807612088645,0.0075972199262704255,0.014578807612088645,-0.0075972199262704255
V6,25,V6@25M,layer_6,V6@25M|layer_6,shuffle,1.0,0.17478776060872608,0.9617492291662428,0.0,-0.045059661898348036,0.0,1.0,-0.3333333333333333,0.6666666666666667,0.005695687882954265,-0.00729180298543904,-0.005695687882954265,0.00729180298543904
V6,25,V6@25M,final,V6@25M|final,zero,1.0,0.12738005899720722,0.9533826775021024,0.0,-0.06355808123394294,0.0,0.0,-0.3333333333333333,-0.3333333333333333,0.008033948278721182,-0.00183983887655071,-0.008033948278721182,0.00183983887655071
V6,25,V6@25M,final,V6@25M|final,negate,1.0,0.29440899689992267,0.9710589614179399,0.0,0.10347085666877251,1.0,0.0,0.6666666666666667,-0.3333333333333333,-0.0130790529653049,0.010307222043160024,0.0130790529653049,-0.010307222043160024
V6,25,V6@25M,final,V6@25M|final,shuffle,1.0,0.1510253647963206,0.9598403539922502,0.0,-0.03991277543482957,0.0,1.0,-0.3333333333333333,0.6666666666666667,0.005045104686583717,-0.008467383166609308,-0.005045104686583717,0.008467383166609308
V6,50,V6@50M,layer_1,V6@50M|layer_1,zero,1.0,0.19846312246388859,0.9814500477578905,0.0,-0.09647193813213595,0.0,0.0,-0.3333333333333333,-0.3333333333333333,0.012194366888590987,0.005677886282076387,-0.012194366888590987,-0.005677886282076387
V6,50,V6@50M,layer_1,V6@50M|layer_1,negate,1.0,0.473212787674533,0.9926495419608222,0.0,0.17827772707850847,1.0,0.0,0.6666666666666667,-0.3333333333333333,-0.02253488479812395,-0.0067791222724556816,0.02253488479812395,0.0067791222724556816
V6,50,V6@50M,layer_1,V6@50M|layer_1,shuffle,1.0,0.21312927164965206,0.9943475491470761,0.0,-0.08180578894637247,0.0,1.0,-0.3333333333333333,0.6666666666666667,0.010340517909532955,0.0011012359903792893,-0.010340517909532955,-0.0011012359903792893
V6,50,V6@50M,layer_2,V6@50M|layer_2,zero,1.0,0.17543763998481962,0.9676370422045389,0.0,-0.09657926015831805,0.0,0.0,-0.3333333333333333,-0.3333333333333333,0.012207932741914044,0.005702399285787852,-0.012207932741914044,-0.005702399285787852
V6,50,V6@50M,layer_2,V6@50M|layer_2,negate,1.0,0.45731046547492343,0.9956154657734765,0.0,0.18529356533178576,1.0,0.0,0.6666666666666667,-0.3333333333333333,-0.023421709582076077,-0.008381582412835542,0.023421709582076077,0.008381582412835542
V6,50,V6@50M,layer_2,V6@50M|layer_2,shuffle,1.0,0.18330259496966997,0.9881142477194468,0.0,-0.0887143051734677,0.0,1.0,-0.3333333333333333,0.6666666666666667,0.011213776840162034,0.0026791831270476974,-0.011213776840162034,-0.0026791831270476974
V6,50,V6@50M,layer_3,V6@50M|layer_3,zero,1.0,0.21851924972401726,0.9544089734554291,0.0,-0.09821186697593437,0.0,0.0,-0.3333333333333333,-0.3333333333333333,0.012414299555977216,0.006075296615471938,-0.012414299555977216,-0.006075296615471938
V6,50,V6@50M,layer_3,V6@50M|layer_3,negate,1.0,0.5086177032854822,0.990764750374688,0.0,0.19188658658553054,1.0,0.0,0.6666666666666667,-0.3333333333333333,-0.02425508892148898,-0.009887468578165545,0.02425508892148898,0.009887468578165545
V6,50,V6@50M,layer_3,V6@50M|layer_3,shuffle,1.0,0.22305639709035555,0.9780948989921145,0.0,-0.09367471960959609,0.0,1.0,-0.3333333333333333,0.6666666666666667,0.011840789365511755,0.0038121719626935937,-0.011840789365511755,-0.0038121719626935937
V6,50,V6@50M,layer_4,V6@50M|layer_4,zero,1.0,0.2265770071082645,0.9490619599819183,0.0,-0.07872860878705978,0.0,0.0,-0.3333333333333333,-0.3333333333333333,0.009951552324602387,0.0016252019118466344,-0.009951552324602387,-0.0016252019118466344
V6,50,V6@50M,layer_4,V6@50M|layer_4,negate,1.0,0.4777115070157581,0.9824419584539201,0.0,0.1724058911204338,1.0,0.0,0.6666666666666667,-0.3333333333333333,-0.021792665626738487,-0.005437959216242339,0.021792665626738487,0.005437959216242339
V6,50,V6@50M,layer_4,V6@50M|layer_4,shuffle,1.0,0.21162833356195027,0.966865105761422,0.0,-0.09367728233337402,0.0,1.0,-0.3333333333333333,0.6666666666666667,0.011841113302136098,0.003812757304395711,-0.011841113302136098,-0.003812757304395711
V6,50,V6@50M,layer_5,V6@50M|layer_5,zero,1.0,0.2512335123287307,0.934586786561542,0.0,-0.09708555829193849,0.0,0.0,-0.3333333333333333,-0.3333333333333333,0.012271930473440076,0.005818040859750375,-0.012271930473440076,-0.005818040859750375
V6,50,V6@50M,layer_5,V6@50M|layer_5,negate,1.0,0.5343149345782068,0.9734585185845693,0.0,0.1859958639575376,1.0,0.0,0.6666666666666667,-0.3333333333333333,-0.023510482413570778,-0.008541991691639134,0.023510482413570778,0.008541991691639134
V6,50,V6@50M,layer_5,V6@50M|layer_5,shuffle,1.0,0.25940876495507026,0.960278782579634,0.0,-0.08891030566559893,0.0,1.0,-0.3333333333333333,0.6666666666666667,0.01123855194013068,0.0027239508318887278,-0.01123855194013068,-0.0027239508318887278
V6,50,V6@50M,layer_6,V6@50M|layer_6,zero,1.0,0.23015979843007195,0.9405869907803006,0.0,-0.10888571292161947,0.0,0.0,-0.3333333333333333,-0.3333333333333333,0.013763508414989715,0.008513267967580238,-0.013763508414989715,-0.008513267967580238
V6,50,V6@50M,layer_6,V6@50M|layer_6,negate,1.0,0.5329966296752294,0.9740923874908023,0.0,0.193951118323538,1.0,0.0,0.6666666666666667,-0.3333333333333333,-0.024516052450924048,-0.01035902018743486,0.024516052450924048,0.01035902018743486
V6,50,V6@50M,layer_6,V6@50M|layer_6,shuffle,1.0,0.2539801059497727,0.9622107413080003,0.0,-0.0850654054019187,0.0,1.0,-0.3333333333333333,0.6666666666666667,0.010752544035934354,0.0018457522198546666,-0.010752544035934354,-0.0018457522198546666
V6,50,V6@50M,final,V6@50M|final,zero,1.0,0.20154323346085018,0.9372851649920145,0.0,-0.10165204673453615,0.0,0.0,-0.3333333333333333,-0.3333333333333333,0.01284914947141724,0.006861054601885864,-0.01284914947141724,-0.006861054601885864
V6,50,V6@50M,final,V6@50M|final,negate,1.0,0.4838841963145468,0.9732984370655484,0.0,0.1806889161191605,1.0,0.0,0.6666666666666667,-0.3333333333333333,-0.02283966693859663,-0.007329852518661218,0.02283966693859663,0.007329852518661218
V6,50,V6@50M,final,V6@50M|final,shuffle,1.0,0.224158410810762,0.9597119258509742,0.0,-0.07903686938462434,0.0,1.0,-0.3333333333333333,0.6666666666666667,0.009990517467179392,0.0004687979167753588,-0.009990517467179392,-0.0004687979167753588
V6,75,V6@75M,layer_1,V6@75M|layer_1,zero,1.0,0.20490425866511133,0.9809827837679121,0.0,-0.12118669916634209,0.0,0.0,-0.3333333333333333,-0.3333333333333333,0.015318393102329598,0.011322888063271728,-0.015318393102329598,-0.011322888063271728
V6,75,V6@75M,layer_1,V6@75M|layer_1,negate,1.0,0.5504926625225279,0.9861995346016355,0.0,0.2244017046910745,1.0,0.0,0.6666666666666667,-0.3333333333333333,-0.028365105650517374,-0.017314119370683244,0.028365105650517374,0.017314119370683244
V6,75,V6@75M,layer_1,V6@75M|layer_1,shuffle,1.0,0.22287595230672094,0.9922077125973172,0.0,-0.10321500552473248,0.0,1.0,-0.3333333333333333,0.6666666666666667,0.013046712548187782,0.005991231307411537,-0.013046712548187782,-0.005991231307411537
V6,75,V6@75M,layer_2,V6@75M|layer_2,zero,1.0,0.20681626680824491,0.9689198599921333,0.0,-0.1246904533494402,0.0,0.0,-0.3333333333333333,-0.3333333333333333,0.015761279031889886,0.012123166835018096,-0.015761279031889886,-0.012123166835018096
V6,75,V6@75M,layer_2,V6@75M|layer_2,negate,1.0,0.5874127000570297,0.9946330885092417,0.0,0.2559059798993446,1.0,0.0,0.6666666666666667,-0.3333333333333333,-0.03234734854816279,-0.024509887495643607,0.03234734854816279,0.024509887495643607
V6,75,V6@75M,layer_2,V6@75M|layer_2,shuffle,1.0,0.20029119360778067,0.9819925261868371,0.0,-0.13121552654990445,0.0,1.0,-0.3333333333333333,0.6666666666666667,0.01658606951627291,0.012386720660625529,-0.01658606951627291,-0.012386720660625529
V6,75,V6@75M,layer_3,V6@75M|layer_3,zero,1.0,0.24734881478879187,0.9580272999074724,0.0,-0.11577162422515727,0.0,0.0,-0.3333333333333333,-0.3333333333333333,0.014633910009727288,0.010086052002183087,-0.014633910009727288,-0.010086052002183087
V6,75,V6@75M,layer_3,V6@75M|layer_3,negate,1.0,0.6126410812139511,0.987287183602651,0.0,0.24952064220000197,1.0,0.0,0.6666666666666667,-0.3333333333333333,-0.03154022108580493,-0.023051437517655354,0.03154022108580493,0.023051437517655354
V6,75,V6@75M,layer_3,V6@75M|layer_3,shuffle,1.0,0.22937142103910446,0.9680510626898872,0.0,-0.13374901797484468,0.0,1.0,-0.3333333333333333,0.6666666666666667,0.016906311076077638,0.012965385515472265,-0.016906311076077638,-0.012965385515472265
V6,75,V6@75M,layer_4,V6@75M|layer_4,zero,1.0,0.2810461003747251,0.9580692814456092,0.0,-0.09559697575039333,0.0,0.0,-0.3333333333333333,-0.3333333333333333,0.012083768796510875,0.005478039550943522,-0.012083768796510875,-0.005478039550943522
V6,75,V6@75M,layer_4,V6@75M|layer_4,negate,1.0,0.593184212843577,0.9759823812378777,0.0,0.2165411367184586,1.0,0.0,0.6666666666666667,-0.3333333333333333,-0.027371504281386634,-0.015518717823194677,0.027371504281386634,0.015518717823194677
V6,75,V6@75M,layer_4,V6@75M|layer_4,shuffle,1.0,0.25569891515705323,0.9646163284778595,0.0,-0.1209441609680652,0.0,1.0,-0.3333333333333333,0.6666666666666667,0.015287735484875751,0.010040678272251146,-0.015287735484875751,-0.010040678272251146
V6,75,V6@75M,layer_5,V6@75M|layer_5,zero,1.0,0.3068912915057606,0.9412499732441373,0.0,-0.12942611867630927,0.0,0.0,-0.3333333333333333,-0.3333333333333333,0.01635988253852125,0.013204821606768535,-0.01635988253852125,-0.013204821606768535
V6,75,V6@75M,layer_5,V6@75M|layer_5,negate,1.0,0.6725340551800199,0.9711047179169126,0.0,0.23621664499794998,1.0,0.0,0.6666666666666667,-0.3333333333333333,-0.0298585525497753,-0.02001272361713822,0.0298585525497753,0.02001272361713822
V6,75,V6@75M,layer_5,V6@75M|layer_5,shuffle,1.0,0.3295268838604291,0.9653273688422309,0.0,-0.10679052632164077,0.0,1.0,-0.3333333333333333,0.6666666666666667,0.01349867001125406,0.0068079020103697045,-0.01349867001125406,-0.0068079020103697045
V6,75,V6@75M,layer_6,V6@75M|layer_6,zero,1.0,0.24017337833841643,0.9442744387520684,0.0,-0.1266273687835093,0.0,0.0,-0.3333333333333333,-0.3333333333333333,0.016006111445258236,0.012565570104069005,-0.016006111445258236,-0.012565570104069005
V6,75,V6@75M,layer_6,V6@75M|layer_6,negate,1.0,0.5836156921254264,0.9691684279176924,0.0,0.21681494500350068,1.0,0.0,0.6666666666666667,-0.3333333333333333,-0.027406114539556898,-0.01558125730130775,0.027406114539556898,0.01558125730130775
V6,75,V6@75M,layer_6,V6@75M|layer_6,shuffle,1.0,0.2766131709019343,0.9640207721127404,0.0,-0.0901875762199914,0.0,1.0,-0.3333333333333333,0.6666666666666667,0.011400003094298663,0.0030156871972387587,-0.011400003094298663,-0.0030156871972387587
V6,75,V6@75M,final,V6@75M|final,zero,1.0,0.21167135487000147,0.9359326495064629,0.0,-0.12271794235264813,0.0,0.0,-0.3333333333333333,-0.3333333333333333,0.01551194722356945,0.011672633322883074,-0.01551194722356945,-0.011672633322883074
V6,75,V6@75M,final,V6@75M|final,negate,1.0,0.5423382280601395,0.9673424959182739,0.0,0.20794893083748994,1.0,0.0,0.6666666666666667,-0.3333333333333333,-0.02628542149997376,-0.013556205726260574,0.02628542149997376,0.013556205726260574
V6,75,V6@75M,final,V6@75M|final,shuffle,1.0,0.2491583087378078,0.960898776849111,0.0,-0.08523098848484179,0.0,1.0,-0.3333333333333333,0.6666666666666667,0.010773474276404307,0.0018835724033774985,-0.010773474276404307,-0.0018835724033774985
V7,100,V7@100M,layer_1,V7@100M|layer_1,zero,1.0,0.29402823083930546,0.9937856694062551,0.0,-0.12709005977268573,0.0,0.0,-0.3333333333333333,-0.3333333333333333,0.01606459709183387,0.012671251540941042,-0.01606459709183387,-0.012671251540941042
V7,100,V7@100M,layer_1,V7@100M|layer_1,negate,1.0,0.6648444980382919,0.9894909494453006,0.0,0.24372620742630074,1.0,0.0,0.6666666666666667,-0.3333333333333333,-0.0308077856759789,-0.021727953362850362,0.0308077856759789,0.021727953362850362
V7,100,V7@100M,layer_1,V7@100M|layer_1,shuffle,1.0,0.30448214295837617,0.9934359027279748,0.0,-0.11663614765361502,0.0,1.0,-0.3333333333333333,0.6666666666666667,0.01474318858414503,0.009056701821909324,-0.01474318858414503,-0.009056701821909324
V7,100,V7@100M,layer_2,V7@100M|layer_2,zero,1.0,0.29671285218662685,0.9756247997283936,0.05555555555555547,-0.1889621557460891,0.0,0.0,-0.3333333333333333,-0.3333333333333333,0.023885431347619012,0.026803214682027104,0.031670124207936454,0.028752340873528365
V7,100,V7@100M,layer_2,V7@100M|layer_2,negate,0.8333333333333334,0.8243218014637629,0.9959446754720476,-0.11111111111111116,0.33864679353104693,1.0,0.0,0.6666666666666667,-0.3333333333333333,-0.042806056620385176,-0.04340839271210378,-0.06830505449072599,-0.06770271839900738
V7,100,V7@100M,layer_2,V7@100M|layer_2,shuffle,1.0,0.33599037014775807,0.9895638492372301,0.05555555555555547,-0.14968463778495789,0.0,1.0,-0.3333333333333333,0.6666666666666667,0.01892062527276617,0.0166051780300767,0.0366349302827893,0.038950377525478766
V7,100,V7@100M,layer_3,V7@100M|layer_3,zero,1.0,0.38355911191966796,0.9618978036774529,0.0,-0.154647887856872,0.0,0.0,-0.3333333333333333,-0.3333333333333333,0.019547996231706045,0.01896562713315495,-0.019547996231706045,-0.01896562713315495
V7,100,V7@100M,layer_3,V7@100M|layer_3,negate,1.0,0.8348183780908585,0.9874640769428678,0.0,0.2966113783143185,1.0,0.0,0.6666666666666667,-0.3333333333333333,-0.03749264335854157,-0.03380724813929971,0.03749264335854157,0.03380724813929971
V7,100,V7@100M,layer_3,V7@100M|layer_3,shuffle,1.0,0.39624350931909347,0.9737266103426615,0.0,-0.1419634904574465,0.0,1.0,-0.3333333333333333,0.6666666666666667,0.017944647126835526,0.014841621006144766,-0.017944647126835526,-0.014841621006144766
V7,100,V7@100M,layer_4,V7@100M|layer_4,zero,1.0,0.3894460184706582,0.9400581651263766,0.0,-0.1546969311656775,0.0,0.0,-0.3333333333333333,-0.3333333333333333,0.019554195465520396,0.01897682892325843,-0.019554195465520396,-0.01897682892325843
V7,100,V7@100M,layer_4,V7@100M|layer_4,negate,1.0,0.8329305118984647,0.9742618368731605,0.0,0.288787562262129,1.0,0.0,0.6666666666666667,-0.3333333333333333,-0.036503687551739286,-0.032020240954029826,0.036503687551739286,0.032020240954029826
V7,100,V7@100M,layer_4,V7@100M|layer_4,shuffle,1.0,0.41005231853988433,0.9616005950503879,0.0,-0.13409063109645136,0.0,1.0,-0.3333333333333333,0.6666666666666667,0.01694949208621888,0.01304341203077138,-0.01694949208621888,-0.01304341203077138
V7,100,V7@100M,layer_5,V7@100M|layer_5,zero,1.0,0.39744750989807975,0.9378648996353149,0.0,-0.15244416726960075,0.0,0.0,-0.3333333333333333,-0.3333333333333333,0.019269438778819387,0.018462283943909235,-0.019269438778819387,-0.018462283943909235
V7,100,V7@100M,layer_5,V7@100M|layer_5,negate,1.0,0.866208361254798,0.966041730509864,0.0,0.31631668408711755,1.0,0.0,0.6666666666666667,-0.3333333333333333,-0.039983458127041974,-0.038308059861998305,0.039983458127041974,0.038308059861998305
V7,100,V7@100M,layer_5,V7@100M|layer_5,shuffle,1.0,0.38601916035016376,0.9476538134945763,0.0,-0.16387251681751674,0.0,1.0,-0.3333333333333333,0.6666666666666667,0.020714019348222583,0.01984577591808907,-0.020714019348222583,-0.01984577591808907
V7,100,V7@100M,layer_6,V7@100M|layer_6,zero,1.0,0.3495030386580361,0.9531021118164062,0.0,-0.13255528829715868,0.0,0.0,-0.3333333333333333,-0.3333333333333333,0.01675541976055784,0.013919542985579741,-0.01675541976055784,-0.013919542985579741
V7,100,V7@100M,layer_6,V7@100M|layer_6,negate,1.0,0.7444595230950249,0.964583588971032,0.0,0.26240119613983015,1.0,0.0,0.6666666666666667,-0.3333333333333333,-0.033168365015653366,-0.02599343440091384,0.033168365015653366,0.02599343440091384
V7,100,V7@100M,layer_6,V7@100M|layer_6,shuffle,1.0,0.3522124191125234,0.9563721716403961,0.0,-0.12984590784267142,0.0,1.0,-0.3333333333333333,0.6666666666666667,0.01641294525509552,0.01207389141533409,-0.01641294525509552,-0.01207389141533409
V7,100,V7@100M,final,V7@100M|final,zero,1.0,0.30701475342114765,0.9443337917327881,0.0,-0.13693794497737177,0.0,0.0,-0.3333333333333333,-0.3333333333333333,0.017309401825601995,0.014920568434781106,-0.017309401825601995,-0.014920568434781106
V7,100,V7@100M,final,V7@100M|final,negate,1.0,0.7043299244509803,0.96475108133422,0.0,0.2603772260524609,1.0,0.0,0.6666666666666667,-0.3333333333333333,-0.03291252861084196,-0.025531147319421424,0.03291252861084196,0.025531147319421424
V7,100,V7@100M,final,V7@100M|final,shuffle,1.0,0.32051341732343036,0.9535220629639096,0.0,-0.12343928107508906,0.0,1.0,-0.3333333333333333,0.6666666666666667,0.015603126785239953,0.010610578884640311,-0.015603126785239953,-0.010610578884640311
V7,110,V7@110M,layer_1,V7@110M|layer_1,zero,1.0,0.2691672233243783,0.9906374083624946,0.0,-0.13721585604879588,0.0,0.0,-0.3333333333333333,-0.3333333333333333,0.017344530689320948,0.014984045014264586,-0.017344530689320948,-0.014984045014264586
V7,110,V7@110M,layer_1,V7@110M|layer_1,negate,1.0,0.6593765219052633,0.986882487932841,0.0,0.2529934425320891,1.0,0.0,0.6666666666666667,-0.3333333333333333,-0.03197919434787713,-0.02384464624151212,0.03197919434787713,0.02384464624151212
V7,110,V7@110M,layer_1,V7@110M|layer_1,shuffle,1.0,0.29060549288988113,0.9902925458219316,0.0,-0.11577758648329306,0.0,1.0,-0.3333333333333333,0.6666666666666667,0.014634663658556162,0.008860601227247503,-0.014634663658556162,-0.008860601227247503
V7,110,V7@110M,layer_2,V7@110M|layer_2,zero,1.0,0.2796165214644538,0.9761622614330716,0.0,-0.1975707941585117,0.0,0.0,-0.3333333333333333,-0.3333333333333333,0.02497359125447725,0.0287694800691184,-0.02497359125447725,-0.0287694800691184
V7,110,V7@110M,layer_2,V7@110M|layer_2,negate,1.0,0.8119692984554503,0.9959022700786591,0.0,0.3347819828324848,1.0,0.0,0.6666666666666667,-0.3333333333333333,-0.04231753197243349,-0.04252564643561052,0.04231753197243349,0.04252564643561052
V7,110,V7@110M,layer_2,V7@110M|layer_2,shuffle,1.0,0.33997612694899243,0.9889655146333907,0.0,-0.13721118867397308,0.0,1.0,-0.3333333333333333,0.6666666666666667,0.01734394071795624,0.013756166366492132,-0.01734394071795624,-0.013756166366492132
V7,110,V7@110M,layer_3,V7@110M|layer_3,zero,1.0,0.35660971452792484,0.9670534100797441,0.0,-0.15235515131994531,0.0,0.0,-0.3333333333333333,-0.3333333333333333,0.01925818687313519,0.01844195215944795,-0.01925818687313519,-0.01844195215944795
V7,110,V7@110M,layer_3,V7@110M|layer_3,negate,1.0,0.7816723220878177,0.9869297477934096,0.0,0.2727074562399475,1.0,0.0,0.6666666666666667,-0.3333333333333333,-0.03447110982770367,-0.028347446909556078,0.03447110982770367,0.028347446909556078
V7,110,V7@110M,layer_3,V7@110M|layer_3,shuffle,1.0,0.3886125609278679,0.9744363162252638,0.0,-0.12035230492000226,0.0,1.0,-0.3333333333333333,0.6666666666666667,0.015212922954568485,0.009905494750108147,-0.015212922954568485,-0.009905494750108147
V7,110,V7@110M,layer_4,V7@110M|layer_4,zero,1.0,0.3715819898578856,0.9498470160696242,0.0,-0.14195014536380768,0.0,0.0,-0.3333333333333333,-0.3333333333333333,0.01794296026357617,0.01606538549653537,-0.01794296026357617,-0.01606538549653537
V7,110,V7@110M,layer_4,V7@110M|layer_4,negate,1.0,0.7693004194233153,0.9745699299706353,0.0,0.255768284201622,1.0,0.0,0.6666666666666667,-0.3333333333333333,-0.03232994336392455,-0.02447843696056333,0.03232994336392455,0.02447843696056333
V7,110,V7@110M,layer_4,V7@110M|layer_4,shuffle,1.0,0.39971399638387894,0.9613845878177218,0.0,-0.11381813883781433,0.0,1.0,-0.3333333333333333,0.6666666666666667,0.014386983100348387,0.008413051464027965,-0.014386983100348387,-0.008413051464027965
V7,110,V7@110M,layer_5,V7@110M|layer_5,zero,1.0,0.37850456105338204,0.9431918230321672,0.0,-0.137259281343884,0.0,0.0,-0.3333333333333333,-0.3333333333333333,0.017350019787921046,0.014993963615855838,-0.017350019787921046,-0.014993963615855838
V7,110,V7@110M,layer_5,V7@110M|layer_5,negate,1.0,0.7985558360815048,0.9639558229181502,0.0,0.2827919936842388,1.0,0.0,0.6666666666666667,-0.3333333333333333,-0.0357458281745973,-0.030650816614679503,0.0357458281745973,0.030650816614679503
V7,110,V7@110M,layer_5,V7@110M|layer_5,shuffle,1.0,0.37023113005691105,0.9458106723096635,0.0,-0.14553271234035497,0.0,1.0,-0.3333333333333333,0.6666666666666667,0.01839580838667628,0.01565685299882371,-0.01839580838667628,-0.01565685299882371
V7,110,V7@110M,layer_6,V7@110M|layer_6,zero,1.0,0.3318875837657187,0.9603774315781064,0.0,-0.12495442838580523,0.0,0.0,-0.3333333333333333,-0.3333333333333333,0.015794646335431102,0.012183460339309287,-0.015794646335431102,-0.012183460339309287
V7,110,V7@110M,layer_6,V7@110M|layer_6,negate,1.0,0.6818950441148546,0.9630680945184495,0.0,0.22505303196333065,1.0,0.0,0.6666666666666667,-0.3333333333333333,-0.028447435537075242,-0.01746288648224618,0.028447435537075242,0.01746288648224618
V7,110,V7@110M,layer_6,V7@110M|layer_6,shuffle,1.0,0.35674340857399833,0.959136254257626,0.0,-0.10009860357752559,0.0,1.0,-0.3333333333333333,0.6666666666666667,0.012652789201644163,0.005279426142936938,-0.012652789201644163,-0.005279426142936938
V7,110,V7@110M,final,V7@110M|final,zero,1.0,0.30101030237144893,0.9525409506426917,0.0,-0.1335342758231693,0.0,0.0,-0.3333333333333333,-0.3333333333333333,0.01687916696935939,0.014143149692537141,-0.01687916696935939,-0.014143149692537141
V7,110,V7@110M,final,V7@110M|final,negate,1.0,0.66605976720651,0.9634653197394477,0.0,0.23151518901189172,1.0,0.0,0.6666666666666667,-0.3333333333333333,-0.02926427321513572,-0.018938882466953584,0.02926427321513572,0.018938882466953584
V7,110,V7@110M,final,V7@110M|final,shuffle,1.0,0.33656366500589585,0.9560117191738553,0.0,-0.09798091318872237,0.0,1.0,-0.3333333333333333,0.6666666666666667,0.012385106245776325,0.004795732774416435,-0.012385106245776325,-0.004795732774416435
V7,120,V7@120M,layer_1,V7@120M|layer_1,zero,1.0,0.2671721585922771,0.992676168680191,0.0,-0.12071022446508761,0.0,0.0,-0.3333333333333333,-0.3333333333333333,0.01525816514969667,0.01121405834270298,-0.01525816514969667,-0.01121405834270298
V7,120,V7@120M,layer_1,V7@120M|layer_1,negate,1.0,0.632972980539004,0.9877802630265554,0.0,0.24509059748163925,1.0,0.0,0.6666666666666667,-0.3333333333333333,-0.030980249018543387,-0.022039588352238737,0.030980249018543387,0.022039588352238737
V7,120,V7@120M,layer_1,V7@120M|layer_1,shuffle,1.0,0.26350201004081303,0.989535927772522,0.0,-0.12438037301655169,0.0,1.0,-0.3333333333333333,0.6666666666666667,0.015722083868846725,0.010825530009535775,-0.015722083868846725,-0.010825530009535775
V7,120,V7@120M,layer_2,V7@120M|layer_2,zero,1.0,0.28558628178305095,0.9818489154179891,0.0,-0.19765793311375163,0.0,0.0,-0.3333333333333333,-0.3333333333333333,0.024984605901959802,0.028789383136635826,-0.024984605901959802,-0.028789383136635826
V7,120,V7@120M,layer_2,V7@120M|layer_2,negate,1.0,0.8194755100541644,0.995960060093138,0.0,0.33623129515736183,1.0,0.0,0.6666666666666667,-0.3333333333333333,-0.04250072976619503,-0.04285667818801614,0.04250072976619503,0.04285667818801614
V7,120,V7@120M,layer_2,V7@120M|layer_2,shuffle,1.0,0.3446708528531922,0.9903541339768304,0.0,-0.13857336204361037,0.0,1.0,-0.3333333333333333,0.6666666666666667,0.017516123864235254,0.014067295051380359,-0.017516123864235254,-0.014067295051380359
V7,120,V7@120M,layer_3,V7@120M|layer_3,zero,1.0,0.3488062595327695,0.9699802464909024,0.0,-0.16039792779419154,0.0,0.0,-0.3333333333333333,-0.3333333333333333,0.020274819989757692,0.02027897123723869,-0.020274819989757692,-0.02027897123723869
V7,120,V7@120M,layer_3,V7@120M|layer_3,negate,1.0,0.79891137778759,0.9874833391772376,0.0,0.289707190460629,1.0,0.0,0.6666666666666667,-0.3333333333333333,-0.03661993154839501,-0.032230289629450355,0.03661993154839501,0.032230289629450355
V7,120,V7@120M,layer_3,V7@120M|layer_3,shuffle,1.0,0.3798949246605237,0.9769965873824226,0.0,-0.12930926266643733,0.0,1.0,-0.3333333333333333,0.6666666666666667,0.016345111558637302,0.011951318392211651,-0.016345111558637302,-0.011951318392211651
V7,120,V7@120M,layer_4,V7@120M|layer_4,zero,1.0,0.3481198913521237,0.9448284374343024,0.0,-0.13930890736756507,0.0,0.0,-0.3333333333333333,-0.3333333333333333,0.01760909918656376,0.015462110669288825,-0.01760909918656376,-0.015462110669288825
V7,120,V7@120M,layer_4,V7@120M|layer_4,negate,1.0,0.7552323804961311,0.976964275042216,0.0,0.2678035817764423,1.0,0.0,0.6666666666666667,-0.3333333333333333,-0.03385124413886814,-0.027227372147638217,0.03385124413886814,0.027227372147638217
V7,120,V7@120M,layer_4,V7@120M|layer_4,shuffle,1.0,0.35893412431081134,0.9592651691701677,0.0,-0.1284946744088774,0.0,1.0,-0.3333333333333333,0.6666666666666667,0.016242144952304402,0.011765261478349434,-0.016242144952304402,-0.011765261478349434
V7,120,V7@120M,layer_5,V7@120M|layer_5,zero,1.0,0.3729027004705535,0.9376272625393338,0.0,-0.13502890699439574,0.0,0.0,-0.3333333333333333,-0.3333333333333333,0.017068093212761856,0.014484532545162177,-0.017068093212761856,-0.014484532545162177
V7,120,V7@120M,layer_5,V7@120M|layer_5,negate,1.0,0.8171315044164658,0.970274438460668,0.0,0.3091998969515165,1.0,0.0,0.6666666666666667,-0.3333333333333333,-0.03908387307588797,-0.0366825423827375,0.03908387307588797,0.0366825423827375
V7,120,V7@120M,layer_5,V7@120M|layer_5,shuffle,1.0,0.3337606175078286,0.9426849650012122,0.0,-0.17417098995712066,0.0,1.0,-0.3333333333333333,0.6666666666666667,0.022015779863126098,0.02219800983757531,-0.022015779863126098,-0.02219800983757531
V7,120,V7@120M,layer_6,V7@120M|layer_6,zero,1.0,0.3414171213905017,0.956480946805742,0.0,-0.11438106883455212,0.0,0.0,-0.3333333333333333,-0.3333333333333333,0.014458139283646079,0.009768440691033746,-0.014458139283646079,-0.009768440691033746
V7,120,V7@120M,layer_6,V7@120M|layer_6,negate,1.0,0.7138414416048262,0.9677405655384064,0.0,0.2580432513797724,1.0,0.0,0.6666666666666667,-0.3333333333333333,-0.03261750661772662,-0.024998053304619655,0.03261750661772662,0.024998053304619655
V7,120,V7@120M,layer_6,V7@120M|layer_6,shuffle,1.0,0.3121360076798333,0.9474344783359103,0.0,-0.1436621825452205,0.0,1.0,-0.3333333333333333,0.6666666666666667,0.018159367334080568,0.015229612613585965,-0.018159367334080568,-0.015229612613585965
V7,120,V7@120M,final,V7@120M|final,zero,1.0,0.30344046983453965,0.9445833762486776,0.0,-0.12630763539561518,0.0,0.0,-0.3333333333333333,-0.3333333333333333,0.015965696104652427,0.012492541053062932,-0.015965696104652427,-0.012492541053062932
V7,120,V7@120M,final,V7@120M|final,negate,1.0,0.6933274649911456,0.969281706545088,0.0,0.2635793597609908,1.0,0.0,0.6666666666666667,-0.3333333333333333,-0.03331728873097818,-0.026262534139761665,0.03331728873097818,0.026262534139761665
V7,120,V7@120M,final,V7@120M|final,shuffle,1.0,0.2924763808647792,0.9426086379422082,0.0,-0.13727172436537566,0.0,1.0,-0.3333333333333333,0.6666666666666667,0.017351592626325765,0.013769993086698752,-0.017351592626325765,-0.013769993086698752
V7,25,V7@25M,layer_1,V7@25M|layer_1,zero,1.0,0.13788923455609214,0.9942010939121246,0.05555555555555547,-0.0758087674362792,0.0,0.0,-0.3333333333333333,-0.3333333333333333,0.009582474877032825,0.0009582923834416552,0.04597308067852264,0.054597263172113816
V7,25,V7@25M,layer_1,V7@25M|layer_1,negate,1.0,0.3727313155929248,0.9968315362930298,0.05555555555555547,0.15903331360055342,1.0,0.0,0.6666666666666667,-0.3333333333333333,-0.020102328315382813,-0.0023835811539006033,0.07565788387093828,0.05793913670945607
V7,25,V7@25M,layer_1,V7@25M|layer_1,shuffle,0.8333333333333334,0.13047345582809713,0.9942174951235453,-0.11111111111111116,-0.08322454616427422,0.0,1.0,-0.3333333333333333,0.6666666666666667,0.010519853438349986,0.0014252887704589551,-0.12163096454946115,-0.11253639988157012
V7,25,V7@25M,layer_2,V7@25M|layer_2,zero,0.8333333333333334,0.13505790589584243,0.9779507219791412,-0.05555555555555558,-0.09027558634126628,0.0,0.0,-0.3333333333333333,-0.3333333333333333,0.01141112786000271,0.004262601835345917,-0.0669666834155583,-0.059818157390901495
V7,25,V7@25M,layer_2,V7@25M|layer_2,negate,1.0,0.4179171298940976,0.9942711657947965,0.11111111111111105,0.1925836376569889,1.0,0.0,0.6666666666666667,-0.3333333333333333,-0.02434319844504604,-0.010046679283643159,0.1354543095561571,0.1211577903947542
V7,25,V7@25M,layer_2,V7@25M|layer_2,shuffle,0.8333333333333334,0.12302544092138608,0.9921638402673933,-0.05555555555555558,-0.10230805131572264,0.0,1.0,-0.3333333333333333,0.6666666666666667,0.012932070585043335,0.005784077448297252,-0.06848762614059892,-0.06133963300385283
V7,25,V7@25M,layer_3,V7@25M|layer_3,zero,1.0,0.16666397286785972,0.966600219408671,0.0,-0.10092089187215875,0.0,0.0,-0.3333333333333333,-0.3333333333333333,0.012756729117718163,0.00669405438307988,-0.012756729117718163,-0.00669405438307988
V7,25,V7@25M,layer_3,V7@25M|layer_3,negate,1.0,0.47639432466692394,0.9896098872025808,0.0,0.20880945992690547,1.0,0.0,0.6666666666666667,-0.3333333333333333,-0.02639419517693944,-0.013752755805615897,0.02639419517693944,0.013752755805615897
V7,25,V7@25M,layer_3,V7@25M|layer_3,shuffle,1.0,0.1596962966852718,0.9853919578923119,0.0,-0.10788856805474667,0.0,1.0,-0.3333333333333333,0.6666666666666667,0.01363746605922127,0.007058701422536011,-0.01363746605922127,-0.007058701422536011
V7,25,V7@25M,layer_4,V7@25M|layer_4,zero,1.0,0.18221305103765595,0.9520988133218553,0.0,-0.10374803427192897,0.0,0.0,-0.3333333333333333,-0.3333333333333333,0.013114089116248197,0.007339790907107267,-0.013114089116248197,-0.007339790907107267
V7,25,V7@25M,layer_4,V7@25M|layer_4,negate,1.0,0.48309043215380776,0.982201122575336,0.0,0.19712934684422284,1.0,0.0,0.6666666666666667,-0.3333333333333333,-0.024917790877531903,-0.011084946917435631,0.024917790877531903,0.011084946917435631
V7,25,V7@25M,layer_4,V7@25M|layer_4,shuffle,1.0,0.19257977273729113,0.9779160651895735,0.0,-0.09338131257229379,0.0,1.0,-0.3333333333333333,0.6666666666666667,0.011803701761283694,0.0037451560103283514,-0.011803701761283694,-0.0037451560103283514
V7,25,V7@25M,layer_5,V7@25M|layer_5,zero,1.0,0.2043898039393955,0.9433559642897712,0.0,-0.0942765119727011,0.0,0.0,-0.3333333333333333,-0.3333333333333333,0.011916857878371974,0.005176437590610587,-0.011916857878371974,-0.005176437590610587
V7,25,V7@25M,layer_5,V7@25M|layer_5,negate,1.0,0.4793272837996483,0.9703219830989838,0.0,0.1806609678875517,1.0,0.0,0.6666666666666667,-0.3333333333333333,-0.02283613419118092,-0.007323468972528826,0.02283613419118092,0.007323468972528826
V7,25,V7@25M,layer_5,V7@25M|layer_5,shuffle,1.0,0.212281859997246,0.9542261925008562,0.0,-0.08638445591485058,0.0,1.0,-0.3333333333333333,0.6666666666666667,0.010919276312808942,0.0021470313819182403,-0.010919276312808942,-0.0021470313819182403
V7,25,V7@25M,layer_6,V7@25M|layer_6,zero,1.0,0.19509801103009117,0.948659575647778,0.0,-0.08386342034295752,0.0,0.0,-0.3333333333333333,-0.3333333333333333,0.010600609213359303,0.0027980241106543595,-0.010600609213359303,-0.0027980241106543595
V7,25,V7@25M,layer_6,V7@25M|layer_6,negate,1.0,0.43121860341893303,0.9665522045559354,0.0,0.15225717204588435,1.0,0.0,0.6666666666666667,-0.3333333333333333,-0.019245801974080493,-0.0008358691977624298,0.019245801974080493,0.0008358691977624298
V7,25,V7@25M,layer_6,V7@25M|layer_6,shuffle,1.0,0.21056767967012194,0.9563687609301673,0.0,-0.06839375170292675,0.0,1.0,-0.3333333333333333,0.6666666666666667,0.008645192760721182,-0.001962154912891942,-0.008645192760721182,0.001962154912891942
V7,25,V7@25M,final,V7@25M|final,zero,1.0,0.16565611958503723,0.9443386296431223,0.0,-0.0755373222960366,0.0,0.0,-0.3333333333333333,-0.3333333333333333,0.009548163328054618,0.0008962926619778082,-0.009548163328054618,-0.0008962926619778082
V7,25,V7@25M,final,V7@25M|final,negate,1.0,0.3770531862974167,0.9649870859252082,0.0,0.13585974441634285,1.0,0.0,0.6666666666666667,-0.3333333333333333,-0.01717311376634623,0.002909403032370491,0.01717311376634623,-0.002909403032370491
V7,25,V7@25M,final,V7@25M|final,shuffle,1.0,0.1808710197607676,0.953779399394989,0.0,-0.060322422120306224,0.0,1.0,-0.3333333333333333,0.6666666666666667,0.007624950438291606,-0.0038056956943482985,-0.007624950438291606,0.0038056956943482985
V7,50,V7@50M,layer_1,V7@50M|layer_1,zero,1.0,0.29665017790264553,0.993037309911516,0.0,-0.0881101588408153,0.0,0.0,-0.3333333333333333,-0.3333333333333333,0.011137410777891476,0.0037680050200994764,-0.011137410777891476,-0.0037680050200994764
V7,50,V7@50M,layer_1,V7@50M|layer_1,negate,1.0,0.6296319233046638,0.9935887058575948,0.0,0.24487158656120295,1.0,0.0,0.6666666666666667,-0.3333333333333333,-0.03095256532556367,-0.021989564925580754,0.03095256532556367,0.021989564925580754
V7,50,V7@50M,layer_1,V7@50M|layer_1,shuffle,1.0,0.227998909023073,0.9935895105202993,0.0,-0.15676142772038784,0.0,1.0,-0.3333333333333333,0.6666666666666667,0.01981515454767222,0.01822155990548133,-0.01981515454767222,-0.01822155990548133
V7,50,V7@50M,layer_2,V7@50M|layer_2,zero,1.0,0.2675610010822614,0.9649454851945242,0.0,-0.1301366744769944,0.0,0.0,-0.3333333333333333,-0.3333333333333333,0.016449699103795425,0.013367116874562334,-0.016449699103795425,-0.013367116874562334
V7,50,V7@50M,layer_2,V7@50M|layer_2,negate,1.0,0.7337193654643165,0.9949440194500817,0.0,0.3360216899050607,1.0,0.0,0.6666666666666667,-0.3333333333333333,-0.04247423498027258,-0.04280880307318294,0.04247423498027258,0.04280880307318294
V7,50,V7@50M,layer_2,V7@50M|layer_2,shuffle,1.0,0.19181266013118956,0.9880719350443946,0.0,-0.20588501542806623,0.0,1.0,-0.3333333333333333,0.6666666666666667,0.026024535876477142,0.029441686198620594,-0.026024535876477142,-0.029441686198620594
V7,50,V7@50M,layer_3,V7@50M|layer_3,zero,1.0,0.34880832996633315,0.959328313668569,0.0,-0.09202625367928435,0.0,0.0,-0.3333333333333333,-0.3333333333333333,0.011632417908000138,0.00466246490615266,-0.011632417908000138,-0.00466246490615266
V7,50,V7@50M,layer_3,V7@50M|layer_3,negate,1.0,0.7355597499344084,0.9879268242253197,0.0,0.2947251662887909,1.0,0.0,0.6666666666666667,-0.3333333333333333,-0.03725422002099598,-0.03337642583723179,0.03725422002099598,0.03337642583723179
V7,50,V7@50M,layer_3,V7@50M|layer_3,shuffle,1.0,0.238135671036111,0.9776386121908823,0.0,-0.2026989126095065,0.0,1.0,-0.3333333333333333,0.6666666666666667,0.025621802112995834,0.028713960931079127,-0.025621802112995834,-0.028713960931079127
V7,50,V7@50M,layer_4,V7@50M|layer_4,zero,1.0,0.34282802955971825,0.9406122664610544,0.0,-0.096996189267547,0.0,0.0,-0.3333333333333333,-0.3333333333333333,0.012260633937960374,0.005797628430871315,-0.012260633937960374,-0.005797628430871315
V7,50,V7@50M,layer_4,V7@50M|layer_4,negate,1.0,0.7136036306619644,0.9762759308020273,0.0,0.27377941183469917,1.0,0.0,0.6666666666666667,-0.3333333333333333,-0.03460660850290158,-0.02859228808901803,0.03460660850290158,0.02859228808901803
V7,50,V7@50M,layer_4,V7@50M|layer_4,shuffle,1.0,0.2630409962601132,0.9682127237319946,0.0,-0.17678322256715207,0.0,1.0,-0.3333333333333333,0.6666666666666667,0.022345974564941192,0.022794659658146695,-0.022345974564941192,-0.022794659658146695
V7,50,V7@50M,layer_5,V7@50M|layer_5,zero,1.0,0.3573971440394719,0.9387930466069115,0.0,-0.0950744105158029,0.0,0.0,-0.3333333333333333,-0.3333333333333333,0.012017714850490942,0.005358682472152794,-0.012017714850490942,-0.005358682472152794
V7,50,V7@50M,layer_5,V7@50M|layer_5,negate,1.0,0.7243720326158736,0.9655501246452332,0.0,0.27190047806059875,1.0,0.0,0.6666666666666667,-0.3333333333333333,-0.03436910516001898,-0.028163128183855888,0.03436910516001898,0.028163128183855888
V7,50,V7@50M,layer_5,V7@50M|layer_5,shuffle,1.0,0.275645487010479,0.9417520132329729,0.0,-0.17682606754479585,0.0,1.0,-0.3333333333333333,0.6666666666666667,0.022351390309528037,0.0228044457117031,-0.022351390309528037,-0.0228044457117031
V7,50,V7@50M,layer_6,V7@50M|layer_6,zero,1.0,0.2940083121260007,0.9430657492743598,0.0,-0.09358501875842062,0.0,0.0,-0.3333333333333333,-0.3333333333333333,0.011829450886046833,0.005018496333525593,-0.011829450886046833,-0.005018496333525593
V7,50,V7@50M,layer_6,V7@50M|layer_6,negate,1.0,0.6019115348656973,0.9588781131638421,0.0,0.21431820398127593,1.0,0.0,0.6666666666666667,-0.3333333333333333,-0.027090518350237028,-0.015010986462025292,0.027090518350237028,0.015010986462025292
V7,50,V7@50M,layer_6,V7@50M|layer_6,shuffle,1.0,0.266860145661566,0.9515895148118337,0.0,-0.12073318522285531,0.0,1.0,-0.3333333333333333,0.6666666666666667,0.015261067464190196,0.009992490128499704,-0.015261067464190196,-0.009992490128499704
V7,50,V7@50M,final,V7@50M|final,zero,1.0,0.2601332581705517,0.9377859930197397,0.0,-0.08839149510970828,0.0,0.0,-0.3333333333333333,-0.3333333333333333,0.011172972597715696,0.003832263935523247,-0.011172972597715696,-0.003832263935523247
V7,50,V7@50M,final,V7@50M|final,negate,1.0,0.5477114907569356,0.9558812975883484,0.0,0.1991867374766756,1.0,0.0,0.6666666666666667,-0.3333333333333333,-0.02517785174798851,-0.011554867454750808,0.02517785174798851,0.011554867454750808
V7,50,V7@50M,final,V7@50M|final,shuffle,1.0,0.23772951091329256,0.9493840535481771,0.0,-0.11079524236696744,0.0,1.0,-0.3333333333333333,0.6666666666666667,0.01400487915027283,0.007722603519227599,-0.01400487915027283,-0.007722603519227599
V7,75,V7@75M,layer_1,V7@75M|layer_1,zero,1.0,0.3090626787808206,0.9939869874053531,0.0,-0.10968142251173663,0.0,0.0,-0.3333333333333333,-0.3333333333333333,0.01386408869632882,0.00869501287894348,-0.01386408869632882,-0.00869501287894348
V7,75,V7@75M,layer_1,V7@75M|layer_1,negate,1.0,0.6731695450014539,0.9910678499274783,0.0,0.25442544370889664,1.0,0.0,0.6666666666666667,-0.3333333333333333,-0.032160203956194185,-0.024171724022380173,0.032160203956194185,0.024171724022380173
V7,75,V7@75M,layer_1,V7@75M|layer_1,shuffle,1.0,0.2740000800953971,0.9928362435764737,0.0,-0.14474402119716012,0.0,1.0,-0.3333333333333333,0.6666666666666667,0.01829611525986538,0.015476711143436723,-0.01829611525986538,-0.015476711143436723
V7,75,V7@75M,layer_2,V7@75M|layer_2,zero,1.0,0.29402239951822495,0.9700261188877953,0.0,-0.1648342167889631,0.0,0.0,-0.3333333333333333,-0.3333333333333333,0.020835581353875473,0.021292246633376345,-0.020835581353875473,-0.021292246633376345
V7,75,V7@75M,layer_2,V7@75M|layer_2,negate,1.0,0.8090836753447851,0.9962672226958804,0.0,0.35022705903759704,1.0,0.0,0.6666666666666667,-0.3333333333333333,-0.04426983986127693,-0.046053395806437365,0.04426983986127693,0.046053395806437365
V7,75,V7@75M,layer_2,V7@75M|layer_2,shuffle,1.0,0.27346377405855393,0.989463167058097,0.0,-0.18539284224863412,0.0,1.0,-0.3333333333333333,0.6666666666666667,0.02343425850740148,0.02476114917306107,-0.02343425850740148,-0.02476114917306107
V7,75,V7@75M,layer_3,V7@75M|layer_3,zero,1.0,0.3964408619536294,0.9697888924015893,0.0,-0.117214756431403,0.0,0.0,-0.3333333333333333,-0.3333333333333333,0.014816326616384433,0.010415672177894374,-0.014816326616384433,-0.010415672177894374
V7,75,V7@75M,layer_3,V7@75M|layer_3,negate,1.0,0.8295024914873971,0.9897303746806251,0.0,0.3158468731023647,1.0,0.0,0.6666666666666667,-0.3333333333333333,-0.03992407248985783,-0.03820075217481961,0.03992407248985783,0.03820075217481961
V7,75,V7@75M,layer_3,V7@75M|layer_3,shuffle,1.0,0.3150235017140706,0.978737990061442,0.0,-0.19863211667096176,0.0,1.0,-0.3333333333333333,0.6666666666666667,0.025107745873473402,0.027785079996925255,-0.025107745873473402,-0.027785079996925255
V7,75,V7@75M,layer_4,V7@75M|layer_4,zero,1.0,0.42127181672387654,0.9568645225630866,0.0,-0.10757678360850725,0.0,0.0,-0.3333333333333333,-0.3333333333333333,0.013598055490705563,0.008214300549131371,-0.013598055490705563,-0.008214300549131371
V7,75,V7@75M,layer_4,V7@75M|layer_4,negate,1.0,0.8136978463994132,0.9802468948894076,0.0,0.28484924606702944,1.0,0.0,0.6666666666666667,-0.3333333333333333,-0.03600587156984677,-0.031120705574930765,0.03600587156984677,0.031120705574930765
V7,75,V7@75M,layer_4,V7@75M|layer_4,shuffle,1.0,0.35157613787386155,0.9730976886219449,0.0,-0.17727246245852224,0.0,1.0,-0.3333333333333333,0.6666666666666667,0.022407816079141215,0.022906405025799416,-0.022407816079141215,-0.022906405025799416
V7,75,V7@75M,layer_5,V7@75M|layer_5,zero,1.0,0.4530188466111819,0.9481242828898959,0.0,-0.10924304745815422,0.0,0.0,-0.3333333333333333,-0.3333333333333333,0.013808676663133552,0.008594885349695705,-0.013808676663133552,-0.008594885349695705
V7,75,V7@75M,layer_5,V7@75M|layer_5,negate,1.0,0.871614835328526,0.9722564650906457,0.0,0.3093529412591899,1.0,0.0,0.6666666666666667,-0.3333333333333333,-0.039103218374366616,-0.03671749863370923,0.039103218374366616,0.03671749863370923
V7,75,V7@75M,layer_5,V7@75M|layer_5,shuffle,1.0,0.36215200026830036,0.9542604585488638,0.0,-0.20010989380103578,0.0,1.0,-0.3333333333333333,0.6666666666666667,0.025294541711233076,0.02812261328401356,-0.025294541711233076,-0.02812261328401356
V7,75,V7@75M,layer_6,V7@75M|layer_6,zero,1.0,0.3858065928022067,0.9607915447817909,0.0,-0.10245212636612078,0.0,0.0,-0.3333333333333333,-0.3333333333333333,0.01295028214021745,0.007043797657306972,-0.01295028214021745,-0.007043797657306972
V7,75,V7@75M,layer_6,V7@75M|layer_6,negate,1.0,0.7365105781290266,0.9698720441924201,0.0,0.24825185896069918,1.0,0.0,0.6666666666666667,-0.3333333333333333,-0.031379842755881036,-0.022761639706707384,0.031379842755881036,0.022761639706707384
V7,75,V7@75M,layer_6,V7@75M|layer_6,shuffle,1.0,0.3424589865737491,0.9634393122461107,0.0,-0.14579973259457835,0.0,1.0,-0.3333333333333333,0.6666666666666667,0.01842956061566358,0.015717842049400407,-0.01842956061566358,-0.015717842049400407
V7,75,V7@75M,final,V7@75M|final,zero,1.0,0.3439315872059928,0.9553880426618788,0.0,-0.10310616978892567,0.0,0.0,-0.3333333333333333,-0.3333333333333333,0.013032955357042726,0.007193185154179903,-0.013032955357042726,-0.007193185154179903
V7,75,V7@75M,final,V7@75M|final,negate,1.0,0.6858356098333994,0.9683642321162753,0.0,0.23879785283848093,1.0,0.0,0.6666666666666667,-0.3333333333333333,-0.030184825619774473,-0.020602287191605555,0.030184825619774473,0.020602287191605555
V7,75,V7@75M,final,V7@75M|final,shuffle,1.0,0.31134607394536334,0.9618809587425656,0.0,-0.13569168304955515,0.0,1.0,-0.3333333333333333,0.6666666666666667,0.017151870262731732,0.013409102037425633,-0.017151870262731732,-0.013409102037425633
V2,100,V2@100M,layer_1,V2@100M|layer_1,zero,1.0,0.1287698909226391,0.9759504066573249,0.0,-0.1630360515167316,0.0,0.0,-0.3333333333333333,-0.3333333333333333,0.020608287412440605,0.020881534745424785,-0.020608287412440605,-0.020881534745424785
V2,100,V2@100M,layer_1,V2@100M|layer_1,negate,1.0,0.6538528286748462,0.9806868135929108,0.0,0.3620468862354755,1.0,0.0,0.6666666666666667,-0.3333333333333333,-0.04576390447945902,-0.04875311624852855,0.04576390447945902,0.04875311624852855
V2,100,V2@100M,layer_1,V2@100M|layer_1,shuffle,1.0,0.09279510772062673,0.9616623653305901,0.0,-0.19901083471874398,0.0,1.0,-0.3333333333333333,0.6666666666666667,0.02515561706701843,0.02787158150310379,-0.02515561706701843,-0.02787158150310379
V2,100,V2@100M,layer_2,V2@100M|layer_2,zero,1.0,0.11244459802077876,0.9597958359453413,0.0,-0.17130087916221887,0.0,0.0,-0.3333333333333333,-0.3333333333333333,0.021652988519637175,0.022769271661653753,-0.021652988519637175,-0.022769271661653753
V2,100,V2@100M,layer_2,V2@100M|layer_2,negate,1.0,0.6564649393161138,0.9905593329005771,0.0,0.3727194621331162,1.0,0.0,0.6666666666666667,-0.3333333333333333,-0.04711295280026612,-0.05119079751393672,0.04711295280026612,0.05119079751393672
V2,100,V2@100M,layer_2,V2@100M|layer_2,shuffle,1.0,0.08232689421210024,0.9385682609346178,0.0,-0.2014185829708974,0.0,1.0,-0.3333333333333333,0.6666666666666667,0.025459964280628956,0.028421525852282997,-0.025459964280628956,-0.028421525852282997
V2,100,V2@100M,layer_3,V2@100M|layer_3,zero,1.0,0.14046624302864075,0.9382914072937436,0.0,-0.19121251572613363,0.0,0.0,-0.3333333333333333,-0.3333333333333333,0.024169884171511478,0.02731721059232946,-0.024169884171511478,-0.02731721059232946
V2,100,V2@100M,layer_3,V2@100M|layer_3,negate,1.0,0.7273764709631602,0.9788539906342825,0.0,0.3956977122083858,1.0,0.0,0.6666666666666667,-0.3333333333333333,-0.05001747837838645,-0.056439169627432874,0.05001747837838645,0.056439169627432874
V2,100,V2@100M,layer_3,V2@100M|layer_3,shuffle,1.0,0.12719356227252218,0.9339602722062005,0.0,-0.2044851964822522,0.0,1.0,-0.3333333333333333,0.6666666666666667,0.025847594206874977,0.029121959035103433,-0.025847594206874977,-0.029121959035103433
V2,100,V2@100M,layer_4,V2@100M|layer_4,zero,1.0,0.15165025285548633,0.9183835519684685,0.0,-0.19553750794794827,0.0,0.0,-0.3333333333333333,-0.3333333333333333,0.024716577261380497,0.028305065128410512,-0.024716577261380497,-0.028305065128410512
V2,100,V2@100M,layer_4,V2@100M|layer_4,negate,1.0,0.7372127539581723,0.96616816189554,0.0,0.3900249931547377,1.0,0.0,0.6666666666666667,-0.3333333333333333,-0.04930042823162421,-0.05514348608358862,0.04930042823162421,0.05514348608358862
V2,100,V2@100M,layer_4,V2@100M|layer_4,shuffle,1.0,0.15270027559664515,0.9215360581874847,0.0,-0.19448748520678946,0.0,1.0,-0.3333333333333333,0.6666666666666667,0.024583850970243723,0.026838420955178126,-0.024583850970243723,-0.026838420955178126
V2,100,V2@100M,layer_5,V2@100M|layer_5,zero,1.0,0.17428461213906607,0.9248546891742282,0.0,-0.19671493409960358,0.0,0.0,-0.3333333333333333,-0.3333333333333333,0.0248654077581602,0.028573996424736667,-0.0248654077581602,-0.028573996424736667
V2,100,V2@100M,layer_5,V2@100M|layer_5,negate,1.0,0.7694720261626773,0.9626627994908227,0.0,0.39847247992400764,1.0,0.0,0.6666666666666667,-0.3333333333333333,-0.05036821804641888,-0.057072943454960876,0.05036821804641888,0.057072943454960876
V2,100,V2@100M,layer_5,V2@100M|layer_5,shuffle,1.0,0.16924200041426551,0.9151056243313683,0.0,-0.20175754582440414,0.0,1.0,-0.3333333333333333,0.6666666666666667,0.025502810288258692,0.02849894703022424,-0.025502810288258692,-0.02849894703022424
V2,100,V2@100M,layer_6,V2@100M|layer_6,zero,1.0,0.1827397346496582,0.9252197941144308,0.05555555555555547,-0.24661395905746347,0.0,0.0,-0.3333333333333333,-0.3333333333333333,0.031172806878572476,0.03997123730346393,0.024382748676982993,0.015584318252091542
V2,100,V2@100M,layer_6,V2@100M|layer_6,negate,0.8333333333333334,0.9279826995399263,0.9769992563459609,-0.11111111111111116,0.4986290058328046,1.0,0.0,0.6666666666666667,-0.3333333333333333,-0.0630283288192084,-0.07994930331014961,-0.048082782291902756,-0.031161807800961547
V2,100,V2@100M,layer_6,V2@100M|layer_6,shuffle,1.0,0.1773386469317807,0.9163790676328871,0.05555555555555547,-0.252015046775341,0.0,1.0,-0.3333333333333333,0.6666666666666667,0.03185552194063591,0.039978066006685666,0.023700033614919562,0.015577489548869804
V2,100,V2@100M,final,V2@100M|final,zero,1.0,0.1578808625539144,0.920634902185864,0.11111111111111116,-0.23123506415221426,0.0,0.0,-0.3333333333333333,-0.3333333333333333,0.02922886452137813,0.03645860414416313,0.08188224658973303,0.07465250696694803
V2,100,V2@100M,final,V2@100M|final,negate,0.6666666666666666,0.8571290738052793,0.9791680177052816,-0.2222222222222222,0.4680131470991506,1.0,0.0,0.6666666666666667,-0.3333333333333333,-0.059158384654760386,-0.07295645491298715,-0.16306383756746182,-0.14926576730923508
V2,100,V2@100M,final,V2@100M|final,shuffle,1.0,0.15233784375919235,0.9089195430278778,0.11111111111111116,-0.2367780829469363,0.0,1.0,-0.3333333333333333,0.6666666666666667,0.029929520133382258,0.036497850768824024,0.0811815909777289,0.07461326034228713
V2,110,V2@110M,layer_1,V2@110M|layer_1,zero,1.0,0.12755250020159614,0.9726233879725138,0.0,-0.1548563675885951,0.0,0.0,-0.3333333333333333,-0.3333333333333333,0.019574348748165125,0.019013245172240633,-0.019574348748165125,-0.019013245172240633
V2,110,V2@110M,layer_1,V2@110M|layer_1,negate,1.0,0.6211101942592197,0.9773764577176836,0.0,0.3387013264690284,1.0,0.0,0.6666666666666667,-0.3333333333333333,-0.042812949761189996,-0.04342084836690915,0.042812949761189996,0.04342084836690915
V2,110,V2@110M,layer_1,V2@110M|layer_1,shuffle,1.0,0.09856390890975793,0.9616741935412089,0.0,-0.18384495888043334,0.0,1.0,-0.3333333333333333,0.6666666666666667,0.023238601013024877,0.024407603194668538,-0.023238601013024877,-0.024407603194668538
V2,110,V2@110M,layer_2,V2@110M|layer_2,zero,1.0,0.11311643819014232,0.9570111764801873,0.0,-0.17224657314795033,0.0,0.0,-0.3333333333333333,-0.3333333333333333,0.021772527316614054,0.02298527392145838,-0.021772527316614054,-0.02298527392145838
V2,110,V2@110M,layer_2,V2@110M|layer_2,negate,1.0,0.6554760684569677,0.991107530064053,0.0,0.37011305711887504,1.0,0.0,0.6666666666666667,-0.3333333333333333,-0.04678349472552125,-0.050595478751698064,0.04678349472552125,0.050595478751698064
V2,110,V2@110M,layer_2,V2@110M|layer_2,shuffle,1.0,0.08749652736716801,0.9427867763572269,0.0,-0.19786648397092466,0.0,1.0,-0.3333333333333333,0.6666666666666667,0.025010967408907188,0.027610204830239685,-0.025010967408907188,-0.027610204830239685
V2,110,V2@110M,layer_3,V2@110M|layer_3,zero,1.0,0.145224596063296,0.934757861826155,0.0,-0.20084944526078527,0.0,0.0,-0.3333333333333333,-0.3333333333333333,0.025388023422161555,0.0295183439277103,-0.025388023422161555,-0.0295183439277103
V2,110,V2@110M,layer_3,V2@110M|layer_3,negate,1.0,0.7730798737870322,0.982862350013521,0.0,0.427005832462951,1.0,0.0,0.6666666666666667,-0.3333333333333333,-0.05397492665161772,-0.06359013476758905,0.05397492665161772,0.06359013476758905
V2,110,V2@110M,layer_3,V2@110M|layer_3,shuffle,1.0,0.1199176541219155,0.9182654983467526,0.0,-0.22615638720216574,0.0,1.0,-0.3333333333333333,0.6666666666666667,0.028586903229456163,0.034071790839878775,-0.028586903229456163,-0.034071790839878775
V2,110,V2@110M,layer_4,V2@110M|layer_4,zero,1.0,0.1581117245886061,0.9223600361082289,0.05555555555555547,-0.20066075992804985,0.0,0.0,-0.3333333333333333,-0.3333333333333333,0.025364172982143236,0.029475247049779628,0.030191382573412234,0.02608030850577584
V2,110,V2@110M,layer_4,V2@110M|layer_4,negate,0.8333333333333334,0.7777873062425189,0.9698489507039388,-0.11111111111111116,0.41901482172586296,1.0,0.0,0.6666666666666667,-0.3333333333333333,-0.05296483689261181,-0.06176493929910041,-0.05814627421849935,-0.04934617181201075
V2,110,V2@110M,layer_4,V2@110M|layer_4,shuffle,1.0,0.14041842271884283,0.9072315163082547,0.05555555555555547,-0.2183540617978131,0.0,1.0,-0.3333333333333333,0.6666666666666667,0.02760066391046858,0.03228969224932079,0.02795489164508689,0.02326586330623468
V2,110,V2@110M,layer_5,V2@110M|layer_5,zero,1.0,0.17889904893106884,0.9073701666461097,0.16666666666666663,-0.20363458190803174,0.0,0.0,-0.3333333333333333,-0.3333333333333333,0.025740073756890657,0.03015448608230442,0.14092659290977597,0.1365121805843622
V2,110,V2@110M,layer_5,V2@110M|layer_5,negate,0.5,0.8064756476216846,0.9601176149315305,-0.33333333333333337,0.423942016782584,1.0,0.0,0.6666666666666667,-0.3333333333333333,-0.05358765038031237,-0.06289034062638783,-0.279745682953021,-0.27044299270694555
V2,110,V2@110M,layer_5,V2@110M|layer_5,shuffle,1.0,0.16222619596454832,0.8888325360086229,0.16666666666666663,-0.22030743487455226,0.0,1.0,-0.3333333333333333,0.6666666666666667,0.02784757662342172,0.03273585454408342,0.1388190900432449,0.1339308121225832
V2,110,V2@110M,layer_6,V2@110M|layer_6,zero,1.0,0.164027351886034,0.9031208289994134,0.0,-0.2483415778864313,0.0,0.0,-0.3333333333333333,-0.3333333333333333,0.03139118352002873,0.04036583595457985,-0.03139118352002873,-0.04036583595457985
V2,110,V2@110M,layer_6,V2@110M|layer_6,negate,1.0,0.9197253104713228,0.9765220450030433,0.0,0.5073563806988575,1.0,0.0,0.6666666666666667,-0.3333333333333333,-0.06413149740016039,-0.08194268882562523,0.06413149740016039,0.08194268882562523
V2,110,V2@110M,layer_6,V2@110M|layer_6,shuffle,1.0,0.15335412696003914,0.8889077405134836,0.0,-0.25901480281242617,0.0,1.0,-0.3333333333333333,0.6666666666666667,0.03274031388013166,0.04157685287104541,-0.03274031388013166,-0.04157685287104541
V2,110,V2@110M,final,V2@110M|final,zero,1.0,0.14289216531647575,0.8968651625845168,0.05555555555555547,-0.2343519529396737,0.0,0.0,-0.3333333333333333,-0.3333333333333333,0.029622849406113795,0.03717052050591328,0.025932706149441674,0.018385035049642187
V2,110,V2@110M,final,V2@110M|final,negate,0.8333333333333334,0.8558600180678897,0.9783535202344259,-0.11111111111111116,0.47861589981174024,1.0,0.0,0.6666666666666667,-0.3333333333333333,-0.06049860709778035,-0.07537818813813564,-0.05061250401333081,-0.03573292297297552
V2,110,V2@110M,final,V2@110M|final,shuffle,1.0,0.1329801713840829,0.8781202369266086,0.05555555555555547,-0.24426394687206654,0.0,1.0,-0.3333333333333333,0.6666666666666667,0.03087575769166655,0.03820766763222237,0.02467979786388892,0.017347887923333097
V2,120,V2@120M,layer_1,V2@120M|layer_1,zero,1.0,0.10906125563714239,0.9553150236606598,0.0,-0.1652747224326487,0.0,0.0,-0.3333333333333333,-0.3333333333333333,0.020891262700592484,0.021392860802365892,-0.020891262700592484,-0.021392860802365892
V2,120,V2@120M,layer_1,V2@120M|layer_1,negate,1.0,0.6382044851779938,0.9826872613694932,0.0,0.3638685071082027,1.0,0.0,0.6666666666666667,-0.3333333333333333,-0.0459941632851184,-0.04916918553833376,0.0459941632851184,0.04916918553833376
V2,120,V2@120M,layer_1,V2@120M|layer_1,shuffle,1.0,0.0757421933942371,0.9174074232578278,0.0,-0.198593784675554,0.0,1.0,-0.3333333333333333,0.6666666666666667,0.025102900584525918,0.027776324735967882,-0.025102900584525918,-0.027776324735967882
V2,120,V2@120M,layer_2,V2@120M|layer_2,zero,1.0,0.10654142602450317,0.9475625190469954,0.0,-0.1778835772226255,0.0,0.0,-0.3333333333333333,-0.3333333333333333,0.02248506297382164,0.024272799946820526,-0.02248506297382164,-0.024272799946820526
V2,120,V2@120M,layer_2,V2@120M|layer_2,negate,1.0,0.6732088526089987,0.9910487466388278,0.0,0.38878384936187,1.0,0.0,0.6666666666666667,-0.3333333333333333,-0.049143543617665326,-0.05486000129036076,0.049143543617665326,0.05486000129036076
V2,120,V2@120M,layer_2,V2@120M|layer_2,shuffle,1.0,0.07352473110788399,0.916781054602729,0.0,-0.21090027213924467,0.0,1.0,-0.3333333333333333,0.6666666666666667,0.026658480643843702,0.030587201343540288,-0.026658480643843702,-0.030587201343540288
V2,120,V2@120M,layer_3,V2@120M|layer_3,zero,1.0,0.13258658473690352,0.8995646205213335,0.0,-0.1996618714873438,0.0,0.0,-0.3333333333333333,-0.3333333333333333,0.025237910232968876,0.029247094852831543,-0.025237910232968876,-0.029247094852831543
V2,120,V2@120M,layer_3,V2@120M|layer_3,negate,1.0,0.7610191769070096,0.9818185435401069,0.0,0.4287707206827623,1.0,0.0,0.6666666666666667,-0.3333333333333333,-0.054198014265346935,-0.06399324597431513,0.054198014265346935,0.06399324597431513
V2,120,V2@120M,layer_3,V2@120M|layer_3,shuffle,1.0,0.10313960702882873,0.8748917380968729,0.0,-0.22910884919541857,0.0,1.0,-0.3333333333333333,0.6666666666666667,0.02896010403237807,0.034746151121483625,-0.02896010403237807,-0.034746151121483625
V2,120,V2@120M,layer_4,V2@120M|layer_4,zero,1.0,0.15415422659781244,0.9078651799096001,0.0,-0.1943871523771021,0.0,0.0,-0.3333333333333333,-0.3333333333333333,0.02457116857409965,0.02804231691743461,-0.02457116857409965,-0.02804231691743461
V2,120,V2@120M,layer_4,V2@120M|layer_4,negate,1.0,0.7419991426997714,0.9718710084756216,0.0,0.39345776372485686,1.0,0.0,0.6666666666666667,-0.3333333333333333,-0.04973434160153138,-0.0559275517662767,0.04973434160153138,0.0559275517662767
V2,120,V2@120M,layer_4,V2@120M|layer_4,shuffle,1.0,0.14947076762715975,0.9114459753036499,0.0,-0.1990706113477548,0.0,1.0,-0.3333333333333333,0.6666666666666667,0.025163173027431734,0.027885234848842113,-0.025163173027431734,-0.027885234848842113
V2,120,V2@120M,layer_5,V2@120M|layer_5,zero,1.0,0.17889933784802756,0.910477833615409,0.05555555555555547,-0.20916040821207896,0.0,0.0,-0.3333333333333333,-0.3333333333333333,0.02643855618213108,0.03141661842846589,0.02911699937342439,0.02413893712708958
V2,120,V2@120M,layer_5,V2@120M|layer_5,negate,0.8333333333333334,0.8098862949344847,0.9637006587452359,-0.11111111111111116,0.4218265488743782,1.0,0.0,0.6666666666666667,-0.3333333333333333,-0.05332024835322375,-0.06240715488595702,-0.05779086275788741,-0.04870395622515414
V2,120,V2@120M,layer_5,V2@120M|layer_5,shuffle,1.0,0.17539360539780724,0.9095130496554904,0.05555555555555547,-0.21266614066229927,0.0,1.0,-0.3333333333333333,0.6666666666666667,0.026881692171092673,0.030990536457491155,0.028673863384462796,0.024565019098064314
V2,120,V2@120M,layer_6,V2@120M|layer_6,zero,1.0,0.1715525703297721,0.9128292037381066,0.05555555555555547,-0.24130790846215355,0.0,0.0,-0.3333333333333333,-0.3333333333333333,0.03050210481804155,0.038759303066261255,0.02505345073751392,0.016796252489294214
V2,120,V2@120M,layer_6,V2@120M|layer_6,negate,0.8333333333333334,0.8999977078702714,0.9768041570981344,-0.11111111111111116,0.4871372290783458,1.0,0.0,0.6666666666666667,-0.3333333333333333,-0.0615757308445133,-0.07732451158514628,-0.04953538026659786,-0.03378659952596488
V2,120,V2@120M,layer_6,V2@120M|layer_6,shuffle,1.0,0.16703115817573336,0.9040339092413584,0.05555555555555547,-0.2458293206161923,0.0,1.0,-0.3333333333333333,0.6666666666666667,0.031073626026471762,0.03856520851888506,0.024481929529083707,0.016990347036670413
V2,120,V2@120M,final,V2@120M|final,zero,1.0,0.15156325490938294,0.9113667805989584,0.11111111111111116,-0.22844011267578163,0.0,0.0,-0.3333333333333333,-0.3333333333333333,0.028875573560303562,0.03582022022287091,0.08223553755080759,0.07529089088824026
V2,120,V2@120M,final,V2@120M|final,negate,0.6666666666666666,0.8410182860162523,0.9780143532488081,-0.2222222222222222,0.4610149184310877,1.0,0.0,0.6666666666666667,-0.3333333333333333,-0.05827378577967895,-0.0713580169090044,-0.16394843644254325,-0.15086420531321781
V2,120,V2@120M,final,V2@120M|final,shuffle,1.0,0.14742856182985836,0.9014181858963437,0.11111111111111116,-0.2325748057553062,0.0,1.0,-0.3333333333333333,0.6666666666666667,0.0293982122193754,0.03553779668613352,0.08171289889173576,0.07557331442497764
V2,25,V2@25M,layer_1,V2@25M|layer_1,zero,0.8333333333333334,0.1035554791904158,0.9910430411497752,0.0,-0.09301848005917338,0.0,0.0,-0.3333333333333333,-0.3333333333333333,0.011757838551009639,0.004889095447879136,-0.011757838551009639,-0.004889095447879136
V2,25,V2@25M,layer_1,V2@25M|layer_1,negate,0.8333333333333334,0.41291313038931954,0.9889311028851403,0.0,0.21633917113973036,1.0,0.0,0.6666666666666667,-0.3333333333333333,-0.027345975175062414,-0.015472587656284176,0.027345975175062414,0.015472587656284176
V2,25,V2@25M,layer_1,V2@25M|layer_1,shuffle,0.8333333333333334,0.0732532681690322,0.975755857096778,0.0,-0.12332069108055697,0.0,1.0,-0.3333333333333333,0.6666666666666667,0.015588136624052775,0.010583492208405043,-0.015588136624052775,-0.010583492208405043
V2,25,V2@25M,layer_2,V2@25M|layer_2,zero,0.8333333333333334,0.13732668426301745,0.981248613860872,0.0,-0.08852116915362851,0.0,0.0,-0.3333333333333333,-0.3333333333333333,0.011189363818811767,0.003861882276072498,-0.011189363818811767,-0.003861882276072498
V2,25,V2@25M,layer_2,V2@25M|layer_2,negate,0.8333333333333334,0.45805833902623916,0.9958718452188704,0.0,0.2322104856095932,1.0,0.0,0.6666666666666667,-0.3333333333333333,-0.029352160967501054,-0.019097692439951165,0.029352160967501054,0.019097692439951165
V2,25,V2@25M,layer_2,V2@25M|layer_2,shuffle,0.8333333333333334,0.08215853696068127,0.9729616840680441,0.0,-0.14368931645596467,0.0,1.0,-0.3333333333333333,0.6666666666666667,0.01816279714868928,0.015235810163878665,-0.01816279714868928,-0.015235810163878665
V2,25,V2@25M,layer_3,V2@25M|layer_3,zero,1.0,0.1437149772213565,0.9500449995199839,0.0,-0.0984957444447058,0.0,0.0,-0.3333333333333333,-0.3333333333333333,0.012450182591734846,0.006140135956408232,-0.012450182591734846,-0.006140135956408232
V2,25,V2@25M,layer_3,V2@25M|layer_3,negate,1.0,0.49314191192388535,0.9890317089027829,0.0,0.25093119025782307,1.0,0.0,0.6666666666666667,-0.3333333333333333,-0.031718518950076095,-0.02337361527562927,0.031718518950076095,0.02337361527562927
V2,25,V2@25M,layer_3,V2@25M|layer_3,shuffle,1.0,0.08977527585294512,0.9269077744748857,0.0,-0.1524354458131172,0.0,1.0,-0.3333333333333333,0.6666666666666667,0.01926833635834124,0.017233479319221028,-0.01926833635834124,-0.017233479319221028
V2,25,V2@25M,layer_4,V2@25M|layer_4,zero,1.0,0.1359002511534426,0.9350374870830112,0.0,-0.10519907609732063,0.0,0.0,-0.3333333333333333,-0.3333333333333333,0.013297505524502387,0.007671217687952446,-0.013297505524502387,-0.007671217687952446
V2,25,V2@25M,layer_4,V2@25M|layer_4,negate,1.0,0.4955311997069253,0.98506474826071,0.0,0.25443187245616206,1.0,0.0,0.6666666666666667,-0.3333333333333333,-0.03216101657076695,-0.02417319238736715,0.03216101657076695,0.02417319238736715
V2,25,V2@25M,layer_4,V2@25M|layer_4,shuffle,1.0,0.09186653089192179,0.9022960000567966,0.0,-0.14923279635884143,0.0,1.0,-0.3333333333333333,0.6666666666666667,0.018863511046264558,0.01650197469941471,-0.018863511046264558,-0.01650197469941471
V2,25,V2@25M,layer_5,V2@25M|layer_5,zero,1.0,0.1414590258565214,0.9337063100602891,0.05555555555555547,-0.11065762703893359,0.0,0.0,-0.3333333333333333,-0.3333333333333333,0.013987484125024761,0.008917983932040487,0.041568071430530706,0.04663757162351498
V2,25,V2@25M,layer_5,V2@25M|layer_5,negate,0.8333333333333334,0.5054343036479421,0.9747590257061852,-0.11111111111111116,0.2533176507524871,1.0,0.0,0.6666666666666667,-0.3333333333333333,-0.03202017532187203,-0.0239186973714863,-0.07909093578923913,-0.08719241373962486
V2,25,V2@25M,layer_5,V2@25M|layer_5,shuffle,1.0,0.10945662918190162,0.9090831842687395,0.05555555555555547,-0.14266002371355335,0.0,1.0,-0.3333333333333333,0.6666666666666667,0.018032691196847247,0.015000713439445782,0.03752286435870822,0.040554842116109685
V2,25,V2@25M,layer_6,V2@25M|layer_6,zero,1.0,0.1080916461845239,0.8910365932517581,0.0,-0.12964470856995497,0.0,0.0,-0.3333333333333333,-0.3333333333333333,0.016387513012344663,0.013254748868346078,-0.016387513012344663,-0.013254748868346078
V2,25,V2@25M,layer_6,V2@25M|layer_6,negate,1.0,0.5063574554191695,0.9725340207417806,0.0,0.2686211006646907,1.0,0.0,0.6666666666666667,-0.3333333333333333,-0.033954581186456,-0.027414098435379206,0.033954581186456,0.027414098435379206
V2,25,V2@25M,layer_6,V2@25M|layer_6,shuffle,1.0,0.0987599626597431,0.8830928140216403,0.0,-0.13897639209473575,0.0,1.0,-0.3333333333333333,0.6666666666666667,0.01756706817411134,0.014159349567033137,-0.01756706817411134,-0.014159349567033137
V2,25,V2@25M,final,V2@25M|final,zero,1.0,0.09097795333299372,0.8848110271824731,0.0,-0.11472020663872917,0.0,0.0,-0.3333333333333333,-0.3333333333333333,0.014501007405609811,0.009845901828772463,-0.014501007405609811,-0.009845901828772463
V2,25,V2@25M,final,V2@25M|final,negate,1.0,0.4432014632556174,0.9725626839531792,0.0,0.2375033032838945,1.0,0.0,0.6666666666666667,-0.3333333333333333,-0.030021190343758074,-0.02030660419748832,0.030021190343758074,0.02030660419748832
V2,25,V2@25M,final,V2@25M|final,shuffle,1.0,0.08291506332655747,0.8732244670391083,0.0,-0.12278309664516542,0.0,1.0,-0.3333333333333333,0.6666666666666667,0.015520182938148275,0.010460702368715885,-0.015520182938148275,-0.010460702368715885
V2,50,V2@50M,layer_1,V2@50M|layer_1,zero,1.0,0.19332513958215714,0.9906816482543945,0.0,-0.13508639250088622,0.0,0.0,-0.3333333333333333,-0.3333333333333333,0.01707535956783354,0.014497662584577997,-0.01707535956783354,-0.014497662584577997
V2,50,V2@50M,layer_1,V2@50M|layer_1,negate,1.0,0.6469347029924393,0.9785008298026191,0.0,0.3185231709093959,1.0,0.0,0.6666666666666667,-0.3333333333333333,-0.04026236524103454,-0.03881203487614902,0.04026236524103454,0.03881203487614902
V2,50,V2@50M,layer_1,V2@50M|layer_1,shuffle,1.0,0.14497475367453364,0.9844051632616255,0.0,-0.18343677840850972,0.0,1.0,-0.3333333333333333,0.6666666666666667,0.02318700567320101,0.024314372291571035,-0.02318700567320101,-0.024314372291571035
V2,50,V2@50M,layer_2,V2@50M|layer_2,zero,1.0,0.1700652510755592,0.9824713601006402,0.0,-0.12529796154962647,0.0,0.0,-0.3333333333333333,-0.3333333333333333,0.015838070045155857,0.012261925403931461,-0.015838070045155857,-0.012261925403931461
V2,50,V2@50M,layer_2,V2@50M|layer_2,negate,1.0,0.6168654610713323,0.9949562251567841,0.0,0.32150224844614667,1.0,0.0,0.6666666666666667,-0.3333333333333333,-0.04063893033525853,-0.039492474309813855,0.04063893033525853,0.039492474309813855
V2,50,V2@50M,layer_2,V2@50M|layer_2,shuffle,1.0,0.09915892572866546,0.9715970820850797,0.0,-0.1962042868965202,0.0,1.0,-0.3333333333333333,0.6666666666666667,0.024800860290102675,0.027230548905882404,-0.024800860290102675,-0.027230548905882404
V2,50,V2@50M,layer_3,V2@50M|layer_3,zero,1.0,0.1733468501932091,0.9525477555063036,0.05555555555555547,-0.14094672952261234,0.0,0.0,-0.3333333333333333,-0.3333333333333333,0.017816125236248318,0.01583619921377149,0.037739430319307155,0.03971935634178398
V2,50,V2@50M,layer_3,V2@50M|layer_3,negate,0.8333333333333334,0.6543990456395679,0.9883959690729777,-0.11111111111111116,0.3401054659237464,1.0,0.0,0.6666666666666667,-0.3333333333333333,-0.04299043755717607,-0.04374156236094532,-0.06812067355393508,-0.06736954875016585
V2,50,V2@50M,layer_3,V2@50M|layer_3,shuffle,1.0,0.11513484331468742,0.9437857038444943,0.05555555555555547,-0.19915873640113402,0.0,1.0,-0.3333333333333333,0.6666666666666667,0.025174312320927747,0.027905363147173828,0.030381243234627722,0.02765019240838164
V2,50,V2@50M,layer_4,V2@50M|layer_4,zero,1.0,0.16303146216604444,0.9485257532861497,0.0,-0.15500392626833034,0.0,0.0,-0.3333333333333333,-0.3333333333333333,0.01959300064542278,0.019046948472417533,-0.01959300064542278,-0.019046948472417533
V2,50,V2@50M,layer_4,V2@50M|layer_4,negate,1.0,0.655493923359447,0.9821430411603715,0.0,0.3374585349250722,1.0,0.0,0.6666666666666667,-0.3333333333333333,-0.04265585686613193,-0.04313698721730801,0.04265585686613193,0.04313698721730801
V2,50,V2@50M,layer_4,V2@50M|layer_4,shuffle,1.0,0.13558077977763283,0.9525038335058424,0.0,-0.18245460865674196,0.0,1.0,-0.3333333333333333,0.6666666666666667,0.02306285622070916,0.024090038744890505,-0.02306285622070916,-0.024090038744890505
V2,50,V2@50M,layer_5,V2@50M|layer_5,zero,1.0,0.1683863111668163,0.9389763110213809,0.05555555555555547,-0.17590260836813182,0.0,0.0,-0.3333333333333333,-0.3333333333333333,0.022234662064766816,0.023820334608530093,0.03332089349078865,0.031735220947025376
V2,50,V2@50M,layer_5,V2@50M|layer_5,negate,0.8333333333333334,0.6975614229838053,0.9726763135857053,-0.11111111111111116,0.3532725034488572,1.0,0.0,0.6666666666666667,-0.3333333333333333,-0.044654793944389155,-0.046748993838006486,-0.06645631716672201,-0.06436211727310467
V2,50,V2@50M,layer_5,V2@50M|layer_5,shuffle,1.0,0.1669190244542228,0.946886830859714,0.05555555555555547,-0.17736989508072531,0.0,1.0,-0.3333333333333333,0.6666666666666667,0.02242013187962233,0.022928659229476386,0.03313542367593314,0.03262689632607908
V2,50,V2@50M,layer_6,V2@50M|layer_6,zero,1.0,0.139783867324392,0.9098018308480581,0.0,-0.20103417474914478,0.0,0.0,-0.3333333333333333,-0.3333333333333333,0.02541137383057889,0.029560537266718735,-0.02541137383057889,-0.029560537266718735
V2,50,V2@50M,layer_6,V2@50M|layer_6,negate,1.0,0.7223487397034963,0.9760169155067868,0.0,0.38153069762995956,1.0,0.0,0.6666666666666667,-0.3333333333333333,-0.04822672163782296,-0.05320333730768068,0.04822672163782296,0.05320333730768068
V2,50,V2@50M,layer_6,V2@50M|layer_6,shuffle,1.0,0.1603215191927221,0.9339140719837613,0.0,-0.18049652288081466,0.0,1.0,-0.3333333333333333,0.6666666666666667,0.022815347807244053,0.02364280004096193,-0.022815347807244053,-0.02364280004096193
V2,50,V2@50M,final,V2@50M|final,zero,1.0,0.11929830329285727,0.9039180411232842,0.05555555555555547,-0.18050553622069182,0.0,0.0,-0.3333333333333333,-0.3333333333333333,0.022816487122732907,0.02487167133359301,0.032739068432822566,0.03068388422196246
V2,50,V2@50M,final,V2@50M|final,negate,0.8333333333333334,0.6422637783818774,0.976822187503179,-0.11111111111111116,0.3424599388683283,1.0,0.0,0.6666666666666667,-0.3333333333333333,-0.043288050598557774,-0.044279338305756026,-0.06782306051255338,-0.06683177280535513
V2,50,V2@50M,final,V2@50M|final,shuffle,1.0,0.13784943686591256,0.9300504955980513,0.05555555555555547,-0.16195440264763655,0.0,1.0,-0.3333333333333333,0.6666666666666667,0.020471563475824878,0.01940766697216304,0.03508399207973059,0.03614788858339243
V2,75,V2@75M,layer_1,V2@75M|layer_1,zero,1.0,0.17466570229993927,0.9834084775712755,0.0,-0.14407599620797013,0.0,0.0,-0.3333333333333333,-0.3333333333333333,0.018211674727554604,0.016550942762706935,-0.018211674727554604,-0.016550942762706935
V2,75,V2@75M,layer_1,V2@75M|layer_1,negate,1.0,0.6689495676093631,0.9832818508148193,0.0,0.3502078691014537,1.0,0.0,0.6666666666666667,-0.3333333333333333,-0.044267414190906546,-0.04604901270827346,0.044267414190906546,0.04604901270827346
V2,75,V2@75M,layer_1,V2@75M|layer_1,shuffle,1.0,0.11260982561442587,0.9661963880062103,0.0,-0.20613187289348353,0.0,1.0,-0.3333333333333333,0.6666666666666667,0.02605573946335194,0.029498069945566533,-0.02605573946335194,-0.029498069945566533
V2,75,V2@75M,layer_2,V2@75M|layer_2,zero,1.0,0.15706396392650074,0.9743387699127197,0.0,-0.1554649641944303,0.0,0.0,-0.3333333333333333,-0.3333333333333333,0.019651277339446667,0.01915225233962591,-0.019651277339446667,-0.01915225233962591
V2,75,V2@75M,layer_2,V2@75M|layer_2,negate,1.0,0.6901756723721822,0.9954062104225159,0.0,0.3776467442512512,1.0,0.0,0.6666666666666667,-0.3333333333333333,-0.0477357772928127,-0.05231621872658077,0.0477357772928127,0.05231621872658077
V2,75,V2@75M,layer_2,V2@75M|layer_2,shuffle,1.0,0.09034714806411001,0.9527141683631473,0.0,-0.22218178005682102,0.0,1.0,-0.3333333333333333,0.6666666666666667,0.02808449995336604,0.033163966386954895,-0.02808449995336604,-0.033163966386954895
V2,75,V2@75M,layer_3,V2@75M|layer_3,zero,1.0,0.1637565547393428,0.9486308660772111,0.0,-0.17560915738620142,0.0,0.0,-0.3333333333333333,-0.3333333333333333,0.022197568905794773,0.02375330861894444,-0.022197568905794773,-0.02375330861894444
V2,75,V2@75M,layer_3,V2@75M|layer_3,negate,1.0,0.7420322464572059,0.9875769052240584,0.0,0.40266653433166166,1.0,0.0,0.6666666666666667,-0.3333333333333333,-0.050898360170521274,-0.058030890997681175,0.050898360170521274,0.058030890997681175
V2,75,V2@75M,layer_3,V2@75M|layer_3,shuffle,1.0,0.11230833518008392,0.9345421757962968,0.0,-0.2270573769454603,0.0,1.0,-0.3333333333333333,0.6666666666666667,0.028700791264726508,0.03427758237873676,-0.028700791264726508,-0.03427758237873676
V2,75,V2@75M,layer_4,V2@75M|layer_4,zero,1.0,0.160060732314984,0.9425241053104401,0.0,-0.1938655409548017,0.0,0.0,-0.3333333333333333,-0.3333333333333333,0.024505235193056776,0.02792317769517378,-0.024505235193056776,-0.02792317769517378
V2,75,V2@75M,layer_4,V2@75M|layer_4,negate,1.0,0.7747839060094621,0.9825154542922974,0.0,0.4208576327396764,1.0,0.0,0.6666666666666667,-0.3333333333333333,-0.053197774201054794,-0.06218584854604743,0.053197774201054794,0.06218584854604743
V2,75,V2@75M,layer_4,V2@75M|layer_4,shuffle,1.0,0.12693418148491117,0.9292303191290961,0.0,-0.22699209178487453,0.0,1.0,-0.3333333333333333,0.6666666666666667,0.028692539007997998,0.034262670850873624,-0.028692539007997998,-0.034262670850873624
V2,75,V2@75M,layer_5,V2@75M|layer_5,zero,1.0,0.16787900775671005,0.9190308915244209,0.0,-0.19713376020943674,0.0,0.0,-0.3333333333333333,-0.3333333333333333,0.024918348741255526,0.028669658856299206,-0.024918348741255526,-0.028669658856299206
V2,75,V2@75M,layer_5,V2@75M|layer_5,negate,1.0,0.7797629965676202,0.9716694388124678,0.0,0.41475022860147337,1.0,0.0,0.6666666666666667,-0.3333333333333333,-0.0524257784451891,-0.060790880284330495,0.0524257784451891,0.060790880284330495
V2,75,V2@75M,layer_5,V2@75M|layer_5,shuffle,1.0,0.14739629957411024,0.9108397397730086,0.0,-0.21761646839203655,0.0,1.0,-0.3333333333333333,0.6666666666666667,0.027507429703933564,0.03212122142803128,-0.027507429703933564,-0.03212122142803128
V2,75,V2@75M,layer_6,V2@75M|layer_6,zero,1.0,0.15854139708810383,0.923277970817354,0.0,-0.23385204567953388,0.0,0.0,-0.3333333333333333,-0.3333333333333333,0.029559659501790885,0.03705633864633487,-0.029559659501790885,-0.03705633864633487
V2,75,V2@75M,layer_6,V2@75M|layer_6,negate,1.0,0.8688590857717726,0.9828818904028999,0.0,0.4764656430041349,1.0,0.0,0.6666666666666667,-0.3333333333333333,-0.06022680764060851,-0.07488705640143141,0.06022680764060851,0.07488705640143141
V2,75,V2@75M,layer_6,V2@75M|layer_6,shuffle,1.0,0.14977984544303682,0.9176327486832937,0.0,-0.2426135973246009,0.0,1.0,-0.3333333333333333,0.6666666666666667,0.030667148138817605,0.03783071775509653,-0.030667148138817605,-0.03783071775509653
V2,75,V2@75M,final,V2@75M|final,zero,1.0,0.1401510230369038,0.9213944839106666,0.11111111111111116,-0.21461073081526494,0.0,0.0,-0.3333333333333333,-0.3333333333333333,0.02712749469390221,0.032661505269997206,0.08398361641720894,0.07844960584111396
V2,75,V2@75M,final,V2@75M|final,negate,0.6666666666666666,0.7922404938273959,0.9830741584300995,-0.2222222222222222,0.4374787399752272,1.0,0.0,0.6666666666666667,-0.3333333333333333,-0.05529873623881657,-0.0659822105590268,-0.16692348598340565,-0.1562400116631954
V2,75,V2@75M,final,V2@75M|final,shuffle,1.0,0.13189374469220638,0.9139664073785146,0.11111111111111116,-0.22286800915996235,0.0,1.0,-0.3333333333333333,0.6666666666666667,0.028171241544914377,0.03332070528902963,0.08293986956619678,0.07779040582208152
V3,100,V3@100M,layer_1,V3@100M|layer_1,zero,1.0,0.16647200907270113,0.9732652670807309,0.05555555555555547,-0.23038741401224225,0.0,0.0,-0.3333333333333333,-0.3333333333333333,0.02912171878552874,0.036264995695214346,0.02643383677002673,0.019290559860341124
V3,100,V3@100M,layer_1,V3@100M|layer_1,negate,0.8333333333333334,0.8565754377179675,0.9725504550668929,-0.11111111111111116,0.45971601463302414,1.0,0.0,0.6666666666666667,-0.3333333333333333,-0.058109600113118824,-0.07106133937918639,-0.053001510997992336,-0.04004977173192477
V3,100,V3@100M,layer_1,V3@100M|layer_1,shuffle,1.0,0.16753082246416146,0.9740164776643118,0.05555555555555547,-0.22932860062078192,0.0,1.0,-0.3333333333333333,0.6666666666666667,0.028987881327590084,0.03479634368397207,0.026567674227965386,0.020759211871583402
V3,100,V3@100M,layer_2,V3@100M|layer_2,zero,1.0,0.15378888903392685,0.9745063583056132,0.0,-0.2308094929213877,0.0,0.0,-0.3333333333333333,-0.3333333333333333,0.02917507093304138,0.03636140108592937,-0.02917507093304138,-0.03636140108592937
V3,100,V3@100M,layer_2,V3@100M|layer_2,negate,1.0,0.857211074895329,0.991312262084749,0.0,0.47261269294001446,1.0,0.0,0.6666666666666667,-0.3333333333333333,-0.059739782215443404,-0.074007019166003,0.059739782215443404,0.074007019166003
V3,100,V3@100M,layer_2,V3@100M|layer_2,shuffle,1.0,0.1427951819366879,0.9702789419227176,0.0,-0.24180320001862665,0.0,1.0,-0.3333333333333333,0.6666666666666667,0.03056471128240201,0.03764561808007362,-0.03056471128240201,-0.03764561808007362
V3,100,V3@100M,layer_3,V3@100M|layer_3,zero,1.0,0.16971920430660248,0.9540252519978417,0.05555555555555547,-0.24084521802487197,0.0,0.0,-0.3333333333333333,-0.3333333333333333,0.03044361924122722,0.03865362175544535,0.02511193631432825,0.016901933800110118
V3,100,V3@100M,layer_3,V3@100M|layer_3,negate,0.8333333333333334,0.8654546423090829,0.9790224068694644,-0.11111111111111116,0.4548902199776084,1.0,0.0,0.6666666666666667,-0.3333333333333333,-0.0574996039660886,-0.06995909852046228,-0.05361150714502256,-0.04115201259064888
V3,100,V3@100M,layer_3,V3@100M|layer_3,shuffle,1.0,0.19651942037873799,0.9631460242801242,0.05555555555555547,-0.21404500195273646,0.0,1.0,-0.3333333333333333,0.6666666666666667,0.027055984724861384,0.031305476765016944,0.028499570830694085,0.024250078790538525
V3,100,V3@100M,layer_4,V3@100M|layer_4,zero,1.0,0.2055314104590151,0.9493568440278372,0.0,-0.22399441387366367,0.0,0.0,-0.3333333333333333,-0.3333333333333333,0.028313622765918752,0.03480479556948745,-0.028313622765918752,-0.03480479556948745
V3,100,V3@100M,layer_4,V3@100M|layer_4,negate,1.0,0.8233781142367257,0.9701138370566897,0.0,0.3938522899040469,1.0,0.0,0.6666666666666667,-0.3333333333333333,-0.049784210994324216,-0.05601766394584314,0.049784210994324216,0.05601766394584314
V3,100,V3@100M,layer_4,V3@100M|layer_4,shuffle,1.0,0.25966794830229545,0.9620939327610863,0.0,-0.16985787603038333,0.0,1.0,-0.3333333333333333,0.6666666666666667,0.021470588228405474,0.021212868376355724,-0.021470588228405474,-0.021212868376355724
V3,100,V3@100M,layer_5,V3@100M|layer_5,zero,1.0,0.23193751896421114,0.9381329682138231,0.0,-0.23436768849690756,0.0,0.0,-0.3333333333333333,-0.3333333333333333,0.029624838431749866,0.037174114602918314,-0.029624838431749866,-0.037174114602918314
V3,100,V3@100M,layer_5,V3@100M|layer_5,negate,1.0,0.8766686717669169,0.967374238702986,0.0,0.4103634643057982,1.0,0.0,0.6666666666666667,-0.3333333333333333,-0.051871277164184826,-0.05978891663076746,0.051871277164184826,0.05978891663076746
V3,100,V3@100M,layer_5,V3@100M|layer_5,shuffle,1.0,0.29030943165222806,0.9521390795707703,0.0,-0.17599577580889064,0.0,1.0,-0.3333333333333333,0.6666666666666667,0.022246438732434964,0.02261480202784916,-0.022246438732434964,-0.02261480202784916
V3,100,V3@100M,layer_6,V3@100M|layer_6,zero,1.0,0.21687782307465872,0.9391871392726898,0.0,-0.2215530819914959,0.0,0.0,-0.3333333333333333,-0.3333333333333333,0.02800503047219711,0.03424718051489509,-0.02800503047219711,-0.03424718051489509
V3,100,V3@100M,layer_6,V3@100M|layer_6,negate,1.0,0.832192266980807,0.9708450271023644,0.0,0.39376136191465233,1.0,0.0,0.6666666666666667,-0.3333333333333333,-0.049772717400595426,-0.05599689543987286,0.049772717400595426,0.05599689543987286
V3,100,V3@100M,layer_6,V3@100M|layer_6,shuffle,1.0,0.26622262514299816,0.9494322770171695,0.0,-0.17220827992315646,0.0,1.0,-0.3333333333333333,0.6666666666666667,0.02176768692839832,0.021749714924977796,-0.02176768692839832,-0.021749714924977796
V3,100,V3@100M,final,V3@100M|final,zero,1.0,0.19686862205465636,0.9369384182824029,0.0,-0.21502615787364823,0.0,0.0,-0.3333333333333333,-0.3333333333333333,0.027180006025834147,0.03275639133752927,-0.027180006025834147,-0.03275639133752927
V3,100,V3@100M,final,V3@100M|final,negate,1.0,0.794143385357327,0.974394162495931,0.0,0.3822486054290224,1.0,0.0,0.6666666666666667,-0.3333333333333333,-0.04831746751961464,-0.05336731181663243,0.04831746751961464,0.05336731181663243
V3,100,V3@100M,final,V3@100M|final,shuffle,1.0,0.24467233237293032,0.9489771723747253,0.0,-0.16722244755537427,0.0,1.0,-0.3333333333333333,0.6666666666666667,0.021137461493780506,0.0206109204791032,-0.021137461493780506,-0.0206109204791032
V3,110,V3@110M,layer_1,V3@110M|layer_1,zero,1.0,0.14729698354171383,0.9706295629342397,0.05555555555555547,-0.25824238794545334,0.0,0.0,-0.3333333333333333,-0.3333333333333333,0.03264267812759637,0.04262724120713731,0.022912877427959097,0.012928314348418159
V3,110,V3@110M,layer_1,V3@110M|layer_1,negate,0.8333333333333334,0.9100666840871176,0.9766679306825002,-0.11111111111111116,0.5045273125999503,1.0,0.0,0.6666666666666667,-0.3333333333333333,-0.06377389398699344,-0.08129651246019931,-0.04733721712411772,-0.02981459865091185
V3,110,V3@110M,layer_1,V3@110M|layer_1,shuffle,1.0,0.1592544468326701,0.9788297646575503,0.05555555555555547,-0.24628492465449708,0.0,1.0,-0.3333333333333333,0.6666666666666667,0.03113121585939709,0.038669271253062035,0.02442433969615838,0.016886284302493434
V3,110,V3@110M,layer_2,V3@110M|layer_2,zero,1.0,0.13947002982927692,0.968718022108078,0.05555555555555547,-0.26444054622617036,0.0,0.0,-0.3333333333333333,-0.3333333333333333,0.03342614550237947,0.044042938267139335,0.022129410053176,0.011512617288416134
V3,110,V3@110M,layer_2,V3@110M|layer_2,negate,0.8333333333333334,0.9307880053917567,0.9914163384172652,-0.11111111111111116,0.5268774293363094,1.0,0.0,0.6666666666666667,-0.3333333333333333,-0.06659902146720122,-0.08640141509761716,-0.044512089643909944,-0.024709696013494
V3,110,V3@110M,layer_2,V3@110M|layer_2,shuffle,1.0,0.14147369294530815,0.9688791003492143,0.05555555555555547,-0.26243688311013913,0.0,1.0,-0.3333333333333333,0.6666666666666667,0.033172875964821755,0.04235847683047786,0.022382679590733714,0.01319707872507761
V3,110,V3@110M,layer_3,V3@110M|layer_3,zero,1.0,0.1628747313386864,0.9510687655872769,0.05555555555555547,-0.26473603673555235,0.0,0.0,-0.3333333333333333,-0.3333333333333333,0.03346349646425778,0.04411043009720311,0.02209205909129769,0.011445125458352357
V3,110,V3@110M,layer_3,V3@110M|layer_3,negate,0.8333333333333334,0.929006490442488,0.9796455436282687,-0.11111111111111116,0.5013957223682493,1.0,0.0,0.6666666666666667,-0.3333333333333333,-0.06337805079186881,-0.08058123819914294,-0.04773306031924235,-0.030529872911968223
V3,110,V3@110M,layer_3,V3@110M|layer_3,shuffle,1.0,0.19095108244154188,0.9636145830154419,0.05555555555555547,-0.23665968563269688,0.0,1.0,-0.3333333333333333,0.6666666666666667,0.029914554327611028,0.03647080810193983,0.02564100122794444,0.019084747453615637
V3,110,V3@110M,layer_4,V3@110M|layer_4,zero,1.0,0.20757945254445076,0.9442243211799197,0.05555555555555547,-0.2461865624343908,0.0,0.0,-0.3333333333333333,-0.3333333333333333,0.0311187825547162,0.03987361731453574,0.024436773000839268,0.01568193824101973
V3,110,V3@110M,layer_4,V3@110M|layer_4,negate,0.8333333333333334,0.8877603477901883,0.9660722414652506,-0.11111111111111116,0.43399433281134675,1.0,0.0,0.6666666666666667,-0.3333333333333333,-0.05485829583543839,-0.06518635076417417,-0.05625281527567277,-0.04592476034693699
V3,110,V3@110M,layer_4,V3@110M|layer_4,shuffle,1.0,0.2659582446018855,0.9631753696335686,0.05555555555555547,-0.18780777037695606,0.0,1.0,-0.3333333333333333,0.6666666666666667,0.023739513280722206,0.025312733449638476,0.03181604227483326,0.030242822105916993
V3,110,V3@110M,layer_5,V3@110M|layer_5,zero,1.0,0.22201955856548417,0.92739247613483,0.11111111111111116,-0.25582177329946443,0.0,0.0,-0.3333333333333333,-0.3333333333333333,0.03233670455993926,0.04207435809532883,0.0787744065511719,0.06903675301578233
V3,110,V3@110M,layer_5,V3@110M|layer_5,negate,0.6666666666666666,0.9289661662446128,0.963198184967041,-0.2222222222222222,0.4511248343796642,1.0,0.0,0.6666666666666667,-0.3333333333333333,-0.05702364697437297,-0.0690990615418379,-0.16519857524784926,-0.1531231606803843
V3,110,V3@110M,layer_5,V3@110M|layer_5,shuffle,1.0,0.2825382707847489,0.9522805942429436,0.11111111111111116,-0.19530306108019968,0.0,1.0,-0.3333333333333333,0.6666666666666667,0.024686942414433692,0.02702470344650906,0.08642416869667746,0.0840864076646021
V3,110,V3@110M,layer_6,V3@110M|layer_6,zero,1.0,0.1904324914018313,0.9344594015015496,0.11111111111111116,-0.23257237548629442,0.0,0.0,-0.3333333333333333,-0.3333333333333333,0.02939790502546449,0.03676405418887313,0.08171320608564667,0.07434705692223803
V3,110,V3@110M,layer_6,V3@110M|layer_6,negate,0.6666666666666666,0.8422911763191223,0.972341818941964,-0.2222222222222222,0.4192863094309966,1.0,0.0,0.6666666666666667,-0.3333333333333333,-0.05299915382193075,-0.06182694874264432,-0.16922306840029144,-0.16039527347957788
V3,110,V3@110M,layer_6,V3@110M|layer_6,shuffle,1.0,0.2362909329434236,0.9474178022808499,0.11111111111111116,-0.18671393394470212,0.0,1.0,-0.3333333333333333,0.6666666666666667,0.023601248796466252,0.02506289455377119,0.08750986231464492,0.08604821655733996
V3,110,V3@110M,final,V3@110M|final,zero,1.0,0.1792568378150463,0.9343993266423544,0.11111111111111116,-0.22643505478346793,0.0,0.0,-0.3333333333333333,-0.3333333333333333,0.028622127718485303,0.03536225280178821,0.08248898339262586,0.07574885830932296
V3,110,V3@110M,final,V3@110M|final,negate,0.6666666666666666,0.8143120408058167,0.9749966031975217,-0.2222222222222222,0.4086201482073024,1.0,0.0,0.6666666666666667,-0.3333333333333333,-0.05165091633678311,-0.05939073262779147,-0.1705713058854391,-0.16283148959443072
V3,110,V3@110M,final,V3@110M|final,shuffle,1.0,0.22350679917467964,0.9483259717623392,0.11111111111111116,-0.1821850934238346,0.0,1.0,-0.3333333333333333,0.6666666666666667,0.023028788618297824,0.024028479826003302,0.08808232249281334,0.08708263128510786
V3,120,V3@120M,layer_1,V3@120M|layer_1,zero,1.0,0.14547636898027527,0.9748153852091895,0.0,-0.27815741024635454,0.0,0.0,-0.3333333333333333,-0.3333333333333333,0.03516000174764256,0.047175953460739044,-0.03516000174764256,-0.047175953460739044
V3,120,V3@120M,layer_1,V3@120M|layer_1,negate,1.0,0.9375031044085821,0.9777294960286882,0.0,0.5138693251819523,1.0,0.0,0.6666666666666667,-0.3333333333333333,-0.06495475477520246,-0.08343028496936346,0.06495475477520246,0.08343028496936346
V3,120,V3@120M,layer_1,V3@120M|layer_1,shuffle,1.0,0.18792186429103216,0.9843295680152045,0.0,-0.23571191493559765,0.0,1.0,-0.3333333333333333,0.6666666666666667,0.02979475302755988,0.0362543315086244,-0.02979475302755988,-0.0362543315086244
V3,120,V3@120M,layer_2,V3@120M|layer_2,zero,1.0,0.13723414122230476,0.9688500331507789,0.0,-0.2821389302887299,0.0,0.0,-0.3333333333333333,-0.3333333333333333,0.035663278836411134,0.04808535686140177,-0.035663278836411134,-0.04808535686140177
V3,120,V3@120M,layer_2,V3@120M|layer_2,negate,1.0,0.9602709578143226,0.9924255576398637,0.0,0.540897886303288,1.0,0.0,0.6666666666666667,-0.3333333333333333,-0.06837125284879596,-0.08960377276727968,0.06837125284879596,0.08960377276727968
V3,120,V3@120M,layer_2,V3@120M|layer_2,shuffle,1.0,0.1606141154964765,0.9727795753214095,0.0,-0.2587589560145581,0.0,1.0,-0.3333333333333333,0.6666666666666667,0.03270797401238482,0.04151841590587793,-0.03270797401238482,-0.04151841590587793
V3,120,V3@120M,layer_3,V3@120M|layer_3,zero,1.0,0.16791083249780867,0.9508221414354112,0.05555555555555547,-0.281912813997931,0.0,0.0,-0.3333333333333333,-0.3333333333333333,0.035634697001497524,0.048033710524924944,0.019920858554057945,0.007521845030630525
V3,120,V3@120M,layer_3,V3@120M|layer_3,negate,0.8333333333333334,0.953063040971756,0.9828057024214003,-0.11111111111111116,0.5032393944760163,1.0,0.0,0.6666666666666667,-0.3333333333333333,-0.06361109694538943,-0.08100234412518773,-0.047500014165721735,-0.030108766985923435
V3,120,V3@120M,layer_3,V3@120M|layer_3,shuffle,1.0,0.2284970660176542,0.9649762047661675,0.05555555555555547,-0.22132658047808543,0.0,1.0,-0.3333333333333333,0.6666666666666667,0.027976399943891922,0.03296863360026283,0.027579155611663547,0.02258692195529264
V3,120,V3@120M,layer_4,V3@120M|layer_4,zero,1.0,0.20905662162436378,0.9476124710506864,0.05555555555555547,-0.2708619482539318,0.0,0.0,-0.3333333333333333,-0.3333333333333333,0.034237831613198676,0.04550962555714853,0.021317723942356794,0.010045929998406943
V3,120,V3@120M,layer_4,V3@120M|layer_4,negate,0.8333333333333334,0.9283216231399112,0.9746077822314368,-0.11111111111111116,0.4484030532616156,1.0,0.0,0.6666666666666667,-0.3333333333333333,-0.05667960498468615,-0.06847739017555832,-0.054431506126425014,-0.042633720935552843
V3,120,V3@120M,layer_4,V3@120M|layer_4,shuffle,1.0,0.30237746487061185,0.9694929818312327,0.05555555555555547,-0.17754110500768372,0.0,1.0,-0.3333333333333333,0.6666666666666667,0.022441773371487457,0.02296776461840978,0.03311378218406801,0.032587790937145686
V3,120,V3@120M,layer_5,V3@120M|layer_5,zero,1.0,0.22163562807771894,0.9250573582119412,0.05555555555555547,-0.26689638970074836,0.0,0.0,-0.3333333333333333,-0.3333333333333333,0.03373657210860083,0.04460386785772459,0.02181898344695464,0.010951687697830878
V3,120,V3@120M,layer_5,V3@120M|layer_5,negate,0.8333333333333334,0.919820464319653,0.9661575986279382,-0.11111111111111116,0.43128844654118575,1.0,0.0,0.6666666666666667,-0.3333333333333333,-0.05451626300624459,-0.06456830987785406,-0.05659484810486657,-0.0465428012332571
V3,120,V3@120M,layer_5,V3@120M|layer_5,shuffle,1.0,0.3241399609380298,0.9565387831793891,0.05555555555555547,-0.16439205684043745,0.0,1.0,-0.3333333333333333,0.6666666666666667,0.020779690897643765,0.019964442020129487,0.0347758646579117,0.03559111353542598
V3,120,V3@120M,layer_6,V3@120M|layer_6,zero,1.0,0.20797274261713028,0.931153741147783,0.11111111111111116,-0.2537810734852597,0.0,0.0,-0.3333333333333333,-0.3333333333333333,0.03207875346321922,0.04160824984244598,0.07903235764789193,0.06950286126866517
V3,120,V3@120M,layer_6,V3@120M|layer_6,negate,0.6666666666666666,0.8737228115399679,0.9720883270104727,-0.2222222222222222,0.4119689954375779,1.0,0.0,0.6666666666666667,-0.3333333333333333,-0.05207422152345706,-0.06015562970908197,-0.17014800069876515,-0.16206659251314023
V3,120,V3@120M,layer_6,V3@120M|layer_6,shuffle,1.0,0.3035658941500717,0.9559745126300387,0.11111111111111116,-0.1581879219523183,0.0,1.0,-0.3333333333333333,0.6666666666666667,0.01999546806023784,0.01854737986663601,0.09111564305087332,0.09256373124447514
V3,120,V3@120M,final,V3@120M|final,zero,1.0,0.1898400957385699,0.9294436408413781,0.05555555555555547,-0.24972404870722023,0.0,0.0,-0.3333333333333333,-0.3333333333333333,0.0315659323301789,0.04068160070079783,0.023989623225376566,0.014873954854757641
V3,120,V3@120M,final,V3@120M|final,negate,0.8333333333333334,0.8474552631378174,0.9764400091436174,-0.11111111111111116,0.40789111869202727,1.0,0.0,0.6666666666666667,-0.3333333333333333,-0.0515587646338734,-0.05922421785119394,-0.05955234647723776,-0.05188689325991722
V3,120,V3@120M,final,V3@120M|final,shuffle,1.0,0.2813970744609833,0.9560081826315986,0.05555555555555547,-0.15816706998480684,0.0,1.0,-0.3333333333333333,0.6666666666666667,0.01999283230369447,0.018542617150396082,0.035562723251860995,0.03701293840515939
V3,25,V3@25M,layer_1,V3@25M|layer_1,zero,0.8333333333333334,0.12204503495660093,0.9945450491375394,0.0,-0.1079732162050075,0.0,0.0,-0.3333333333333333,-0.3333333333333333,0.013648165860849668,0.00830484816600982,-0.013648165860849668,-0.00830484816600982
V3,25,V3@25M,layer_1,V3@25M|layer_1,negate,0.8333333333333334,0.49269596487283707,0.9952921834256914,0.0,0.2626777137112286,1.0,0.0,0.6666666666666667,-0.3333333333333333,-0.033203317736434784,-0.02605659269651361,0.033203317736434784,0.02605659269651361
V3,25,V3@25M,layer_1,V3@25M|layer_1,shuffle,0.8333333333333334,0.0753137536553873,0.9853202402591705,0.0,-0.15470449750622112,0.0,1.0,-0.3333333333333333,0.6666666666666667,0.019555151875585118,0.017751744530503797,-0.019555151875585118,-0.017751744530503797
V3,25,V3@25M,layer_2,V3@25M|layer_2,zero,0.8333333333333334,0.14890056062075827,0.9789838360415565,0.05555555555555558,-0.10066151494781178,0.0,0.0,-0.3333333333333333,-0.3333333333333333,0.012723943030497764,0.006634811115547852,0.042831612525057815,0.04892074444000773
V3,25,V3@25M,layer_2,V3@25M|layer_2,negate,0.6666666666666666,0.5127690840098593,0.9959669841660393,-0.11111111111111116,0.2632070084412893,1.0,0.0,0.6666666666666667,-0.3333333333333333,-0.03327022231257917,-0.02617748683301101,-0.07784088879853199,-0.08493362427810015
V3,25,V3@25M,layer_2,V3@25M|layer_2,shuffle,0.8333333333333334,0.08701658207509252,0.9790464341640472,0.05555555555555558,-0.16254549349347752,0.0,1.0,-0.3333333333333333,0.6666666666666667,0.020546279282081407,0.019542675717463164,0.03500927627347417,0.03601287983809241
V3,25,V3@25M,layer_3,V3@25M|layer_3,zero,1.0,0.1486939216653506,0.9489522013399336,0.0,-0.10456098257391541,0.0,0.0,-0.3333333333333333,-0.3333333333333333,0.013216848426860384,0.0075254732451392504,-0.013216848426860384,-0.0075254732451392504
V3,25,V3@25M,layer_3,V3@25M|layer_3,negate,1.0,0.514883916411135,0.9915573663181729,0.0,0.26162901217186896,1.0,0.0,0.6666666666666667,-0.3333333333333333,-0.03307075844950447,-0.02581706288477745,0.03307075844950447,0.02581706288477745
V3,25,V3@25M,layer_3,V3@25M|layer_3,shuffle,1.0,0.0961868746413125,0.9372965925269656,0.0,-0.15706802959795352,0.0,1.0,-0.3333333333333333,0.6666666666666667,0.01985391002264408,0.0182915896396382,-0.01985391002264408,-0.0182915896396382
V3,25,V3@25M,layer_4,V3@25M|layer_4,zero,1.0,0.1421252302825451,0.9255510403050317,0.0,-0.10987882391998066,0.0,0.0,-0.3333333333333333,-0.3333333333333333,0.013889040876652544,0.008740100561547646,-0.013889040876652544,-0.008740100561547646
V3,25,V3@25M,layer_4,V3@25M|layer_4,negate,1.0,0.5149827367729611,0.9903416004445817,0.0,0.2629786825704354,1.0,0.0,0.6666666666666667,-0.3333333333333333,-0.03324136117955688,-0.02612533581500685,0.03324136117955688,0.02612533581500685
V3,25,V3@25M,layer_4,V3@25M|layer_4,shuffle,1.0,0.09890419555207093,0.9121286968390147,0.0,-0.15309985865045483,0.0,1.0,-0.3333333333333333,0.6666666666666667,0.01935232030290435,0.01738523525345924,-0.01935232030290435,-0.01738523525345924
V3,25,V3@25M,layer_5,V3@25M|layer_5,zero,1.0,0.14790187858872944,0.9206977552837796,0.0,-0.12271434165261408,0.0,0.0,-0.3333333333333333,-0.3333333333333333,0.015511492083368878,0.011671810901089166,-0.015511492083368878,-0.011671810901089166
V3,25,V3@25M,layer_5,V3@25M|layer_5,negate,1.0,0.5416986321409544,0.9818954798910353,0.0,0.27108241189961085,1.0,0.0,0.6666666666666667,-0.3333333333333333,-0.03426569893537608,-0.027976276895691665,0.03426569893537608,0.027976276895691665
V3,25,V3@25M,layer_5,V3@25M|layer_5,shuffle,1.0,0.12224814999434683,0.9141190614965227,0.0,-0.1483680702469967,0.0,1.0,-0.3333333333333333,0.6666666666666667,0.018754206852007193,0.016304465994602488,-0.018754206852007193,-0.016304465994602488
V3,25,V3@25M,layer_6,V3@25M|layer_6,zero,1.0,0.1233101547178295,0.9051104187965393,0.0,-0.13071842933142627,0.0,0.0,-0.3333333333333333,-0.3333333333333333,0.01652323481035959,0.013499993222625817,-0.01652323481035959,-0.013499993222625817
V3,25,V3@25M,layer_6,V3@25M|layer_6,negate,1.0,0.5146504317720731,0.9793049759334989,0.0,0.2606218477228174,1.0,0.0,0.6666666666666667,-0.3333333333333333,-0.03294344958594605,-0.025587020397173227,0.03294344958594605,0.025587020397173227
V3,25,V3@25M,layer_6,V3@25M|layer_6,shuffle,1.0,0.12412516565786468,0.9177405138810476,0.0,-0.12990341839139108,0.0,1.0,-0.3333333333333333,0.6666666666666667,0.01642021477558645,0.012087027174547408,-0.01642021477558645,-0.012087027174547408
V3,25,V3@25M,final,V3@25M|final,zero,1.0,0.1023461249553495,0.8937725358539157,0.0,-0.11924584030553145,0.0,0.0,-0.3333333333333333,-0.3333333333333333,0.015073062226989654,0.010879584091561822,-0.015073062226989654,-0.010879584091561822
V3,25,V3@25M,final,V3@25M|final,negate,1.0,0.4601022054751714,0.9809149702390035,0.0,0.23851024021429043,1.0,0.0,0.6666666666666667,-0.3333333333333333,-0.0301484704482181,-0.020536594718447407,0.0301484704482181,0.020536594718447407
V3,25,V3@25M,final,V3@25M|final,shuffle,1.0,0.102327565352122,0.9049046238263448,0.0,-0.11926439990875896,0.0,1.0,-0.3333333333333333,0.6666666666666667,0.015075408221228445,0.00965701062688559,-0.015075408221228445,-0.00965701062688559
V3,50,V3@50M,layer_1,V3@50M|layer_1,zero,1.0,0.20246584796243244,0.9925576713350084,0.05555555555555547,-0.14310062421416792,0.0,0.0,-0.3333333333333333,-0.3333333333333333,0.018088384533788728,0.0163281618653023,0.03746717102176674,0.03922739369025317
V3,50,V3@50M,layer_1,V3@50M|layer_1,negate,0.8333333333333334,0.7100905610455407,0.9803966250684526,-0.11111111111111116,0.36452408886894033,1.0,0.0,0.6666666666666667,-0.3333333333333333,-0.04607703095286395,-0.04931892440094955,-0.06503408015824721,-0.06179218671016161
V3,50,V3@50M,layer_1,V3@50M|layer_1,shuffle,1.0,0.12414300752182801,0.9729349546962314,0.05555555555555547,-0.22142346465477236,0.0,1.0,-0.3333333333333333,0.6666666666666667,0.027988646419075218,0.032990762535647256,0.02756690913648025,0.022564793019908214
V3,50,V3@50M,layer_2,V3@50M|layer_2,zero,1.0,0.21602508342928356,0.9811274641089969,0.05555555555555547,-0.14087700560964922,0.0,0.0,-0.3333333333333333,-0.3333333333333333,0.017807311906776115,0.01582027384786065,0.03774824364877935,0.03973528170769482
V3,50,V3@50M,layer_2,V3@50M|layer_2,negate,0.8333333333333334,0.7654691388209661,0.9977535307407379,-0.11111111111111116,0.40856704978203334,1.0,0.0,0.6666666666666667,-0.3333333333333333,-0.05164420452305288,-0.05937860462441698,-0.05946690658805828,-0.05173250648669418
V3,50,V3@50M,layer_2,V3@50M|layer_2,shuffle,1.0,0.08921204486654864,0.9654662311077118,0.05555555555555547,-0.2676900441723841,0.0,1.0,-0.3333333333333333,0.6666666666666667,0.033836892616276766,0.04355833077655634,0.021718662939278703,0.01199722477899913
V3,50,V3@50M,layer_3,V3@50M|layer_3,zero,1.0,0.20659883485900032,0.9514158566792806,0.0,-0.15450156893995076,0.0,0.0,-0.3333333333333333,-0.3333333333333333,0.019529501044502122,0.018932207002347302,-0.019529501044502122,-0.018932207002347302
V3,50,V3@50M,layer_3,V3@50M|layer_3,negate,1.0,0.772770075334443,0.9932012293073866,0.0,0.4116696715354919,1.0,0.0,0.6666666666666667,-0.3333333333333333,-0.05203638600826753,-0.06008726230880278,0.05203638600826753,0.06008726230880278
V3,50,V3@50M,layer_3,V3@50M|layer_3,shuffle,1.0,0.10393230120340984,0.9298527869913313,0.0,-0.25716810259554124,0.0,1.0,-0.3333333333333333,0.6666666666666667,0.03250688496376542,0.04115505530645552,-0.03250688496376542,-0.04115505530645552
V3,50,V3@50M,layer_4,V3@50M|layer_4,zero,1.0,0.1837847592929999,0.9407027794255151,0.0,-0.15313280822226297,0.0,0.0,-0.3333333333333333,-0.3333333333333333,0.01935648523599505,0.01861957372708788,-0.01935648523599505,-0.01861957372708788
V3,50,V3@50M,layer_4,V3@50M|layer_4,negate,1.0,0.710120353433821,0.9884626732932197,0.0,0.3732027859185581,1.0,0.0,0.6666666666666667,-0.3333333333333333,-0.04717404649942648,-0.0513011916070027,0.04717404649942648,0.0513011916070027
V3,50,V3@50M,layer_4,V3@50M|layer_4,shuffle,1.0,0.11684758981896771,0.9325064056449466,0.0,-0.22006997769629516,0.0,1.0,-0.3333333333333333,0.6666666666666667,0.027817561263431434,0.03268161787991484,-0.027817561263431434,-0.03268161787991484
V3,50,V3@50M,layer_5,V3@50M|layer_5,zero,1.0,0.18237109689248931,0.9278309875064426,0.0,-0.17458076857858235,0.0,0.0,-0.3333333333333333,-0.3333333333333333,0.022067577214251777,0.023518418358717513,-0.022067577214251777,-0.023518418358717513
V3,50,V3@50M,layer_5,V3@50M|layer_5,negate,1.0,0.7259180181556277,0.9775749312506782,0.0,0.36896615268455607,1.0,0.0,0.6666666666666667,-0.3333333333333333,-0.04663852227312705,-0.050333518801301186,0.04663852227312705,0.050333518801301186
V3,50,V3@50M,layer_5,V3@50M|layer_5,shuffle,1.0,0.16256648136509788,0.9366826415061951,0.0,-0.19438538410597378,0.0,1.0,-0.3333333333333333,0.6666666666666667,0.02457094505887528,0.026815100442583697,-0.02457094505887528,-0.026815100442583697
V3,50,V3@50M,layer_6,V3@50M|layer_6,zero,1.0,0.1502213002079063,0.9273690117730035,0.0,-0.16237423982885146,0.0,0.0,-0.3333333333333333,-0.3333333333333333,0.02052463226163277,0.020730372929547686,-0.02052463226163277,-0.020730372929547686
V3,50,V3@50M,layer_6,V3@50M|layer_6,negate,1.0,0.6245165699058108,0.9733004603121016,0.0,0.31192102986905307,1.0,0.0,0.6666666666666667,-0.3333333333333333,-0.0394278331309209,-0.03730406569607657,0.0394278331309209,0.03730406569607657
V3,50,V3@50M,layer_6,V3@50M|layer_6,shuffle,1.0,0.16304874999655616,0.9421643118063608,0.0,-0.1495467900402016,0.0,1.0,-0.3333333333333333,0.6666666666666667,0.01890320086928813,0.016573692766528897,-0.01890320086928813,-0.016573692766528897
V3,50,V3@50M,final,V3@50M|final,zero,1.0,0.130554286763072,0.9214492870701684,0.0,-0.15563040640619064,0.0,0.0,-0.3333333333333333,-0.3333333333333333,0.01967218977334327,0.019190040347318135,-0.01967218977334327,-0.019190040347318135
V3,50,V3@50M,final,V3@50M|final,negate,1.0,0.58595439294974,0.9781559937530093,0.0,0.2997696997804774,1.0,0.0,0.6666666666666667,-0.3333333333333333,-0.03789186546868206,-0.03452862797693516,0.03789186546868206,0.03452862797693516
V3,50,V3@50M,final,V3@50M|final,shuffle,1.0,0.1420453997949759,0.9369007779492272,0.0,-0.14413929337428674,0.0,1.0,-0.3333333333333333,0.6666666666666667,0.018219675695338788,0.015338587629617028,-0.018219675695338788,-0.015338587629617028
V3,75,V3@75M,layer_1,V3@75M|layer_1,zero,1.0,0.18029165847433937,0.9844193392329745,0.11111111111111116,-0.22783170129965857,0.0,0.0,-0.3333333333333333,-0.3333333333333333,0.028798668382660347,0.03568125536307879,0.08231244272845081,0.07542985574803238
V3,75,V3@75M,layer_1,V3@75M|layer_1,negate,0.6666666666666666,0.8404489341709349,0.9750121898121304,-0.2222222222222222,0.432325574396937,1.0,0.0,0.6666666666666667,-0.3333333333333333,-0.054647359341907356,-0.06480519618984144,-0.16757486288031487,-0.15741702603238078
V3,75,V3@75M,layer_1,V3@75M|layer_1,shuffle,1.0,0.20362948667671946,0.9824483129713271,0.11111111111111116,-0.20449387309727848,0.0,1.0,-0.3333333333333333,0.6666666666666667,0.025848690959247016,0.02912394082676269,0.08526242015186414,0.08198717028434847
V3,75,V3@75M,layer_2,V3@75M|layer_2,zero,1.0,0.17199719697237015,0.980867452091641,0.05555555555555547,-0.21120523799348762,0.0,0.0,-0.3333333333333333,-0.3333333333333333,0.026697029320144134,0.03188366999098422,0.028858526235411335,0.023671885564571248
V3,75,V3@75M,layer_2,V3@75M|layer_2,negate,0.8333333333333334,0.8297669059700437,0.9933797915776571,-0.11111111111111116,0.4465644710041859,1.0,0.0,0.6666666666666667,-0.3333333333333333,-0.05644720220480996,-0.06805744680229647,-0.0546639089063012,-0.04305366430881469
V3,75,V3@75M,layer_2,V3@75M|layer_2,shuffle,1.0,0.14784320195515951,0.9780182209279802,0.05555555555555547,-0.23535923301069825,0.0,1.0,-0.3333333333333333,0.6666666666666667,0.02975017288466582,0.03617377681131226,0.025805382670889648,0.01938177874424321
V3,75,V3@75M,layer_3,V3@75M|layer_3,zero,1.0,0.16945061542921597,0.9531398349338107,0.05555555555555547,-0.23097317569233755,0.0,0.0,-0.3333333333333333,-0.3333333333333333,0.02919576096789452,0.0363987872266363,0.02635979458766095,0.019156768328919167
V3,75,V3@75M,layer_3,V3@75M|layer_3,negate,0.8333333333333334,0.8585422486066818,0.9856699738237593,-0.11111111111111116,0.4581184574851283,1.0,0.0,0.6666666666666667,-0.3333333333333333,-0.05790766369135595,-0.07069644760730352,-0.05320344741975521,-0.04041466350380764
V3,75,V3@75M,layer_3,V3@75M|layer_3,shuffle,1.0,0.17327850932876268,0.9494591587119632,0.05555555555555547,-0.22714528179279084,0.0,1.0,-0.3333333333333333,0.6666666666666667,0.02871190272346144,0.034297660380667255,0.026843652832094028,0.021257895174888214
V3,75,V3@75M,layer_4,V3@75M|layer_4,zero,1.0,0.17891056877043512,0.9434270262718201,0.0,-0.22702660728935845,0.0,0.0,-0.3333333333333333,-0.3333333333333333,0.02869690188007428,0.03549736699305232,-0.02869690188007428,-0.03549736699305232
V3,75,V3@75M,layer_4,V3@75M|layer_4,negate,1.0,0.8247384147511588,0.9805130263169607,0.0,0.41880123869136526,1.0,0.0,0.6666666666666667,-0.3333333333333333,-0.05293783930207646,-0.061716155634613266,0.05293783930207646,0.061716155634613266
V3,75,V3@75M,layer_4,V3@75M|layer_4,shuffle,1.0,0.2141625446577867,0.9509052170647515,0.0,-0.19177463140200687,0.0,1.0,-0.3333333333333333,0.6666666666666667,0.024240937422002187,0.02621878864156097,-0.024240937422002187,-0.02621878864156097
V3,75,V3@75M,layer_5,V3@75M|layer_5,zero,1.0,0.18059265282418993,0.9163442816999223,0.0,-0.24657745673148715,0.0,0.0,-0.3333333333333333,-0.3333333333333333,0.031168192865794662,0.03996289995013614,-0.031168192865794662,-0.03996289995013614
V3,75,V3@75M,layer_5,V3@75M|layer_5,negate,1.0,0.8553064614534378,0.9687370359897614,0.0,0.4281363518977607,1.0,0.0,0.6666666666666667,-0.3333333333333333,-0.05411782798675903,-0.0638483522844141,0.05411782798675903,0.0638483522844141
V3,75,V3@75M,layer_5,V3@75M|layer_5,shuffle,1.0,0.24561121438940367,0.9419395956728194,0.0,-0.1815588951662734,0.0,1.0,-0.3333333333333333,0.6666666666666667,0.022949635120964346,0.023885452334277937,-0.022949635120964346,-0.023885452334277937
V3,75,V3@75M,layer_6,V3@75M|layer_6,zero,1.0,0.1480452058215936,0.921739376253552,0.0,-0.23113103749023542,0.0,0.0,-0.3333333333333333,-0.3333333333333333,0.029215715212813104,0.03643484382168421,-0.029215715212813104,-0.03643484382168421
V3,75,V3@75M,layer_6,V3@75M|layer_6,negate,1.0,0.7828537623087565,0.9756977789931827,0.0,0.40367751899692744,1.0,0.0,0.6666666666666667,-0.3333333333333333,-0.05102615192183972,-0.05826180604591036,0.05102615192183972,0.05826180604591036
V3,75,V3@75M,layer_6,V3@75M|layer_6,shuffle,1.0,0.206629761805137,0.9414907362725999,0.0,-0.17254648150669202,0.0,1.0,-0.3333333333333333,0.6666666666666667,0.021810436709026614,0.021826962224226167,-0.021810436709026614,-0.021826962224226167
V3,75,V3@75M,final,V3@75M|final,zero,1.0,0.13530341163277626,0.9180651240878634,0.0,-0.22432668562288632,0.0,0.0,-0.3333333333333333,-0.3333333333333333,0.02835562299619489,0.03488068845850251,-0.02835562299619489,-0.03488068845850251
V3,75,V3@75M,final,V3@75M|final,negate,1.0,0.7524432357814577,0.9784299433231354,0.0,0.3928131385257951,1.0,0.0,0.6666666666666667,-0.3333333333333333,-0.04965285887883306,-0.05578031544900579,0.04965285887883306,0.05578031544900579
V3,75,V3@75M,final,V3@75M|final,shuffle,1.0,0.19114364435275397,0.9409862657388052,0.0,-0.16848645290290862,0.0,1.0,-0.3333333333333333,0.6666666666666667,0.02129723588263815,0.02089962699050326,-0.02129723588263815,-0.02089962699050326
