variant,tokens_m,checkpoint,layer,layer_ord,B_condition_1_accuracy,B_under_C_accuracy,B_under_D_accuracy,B_cluster_margin,B_cluster_within_cosine,B_cluster_between_cosine,C_relation_margin,C_same_offset_cosine,C_diff_centroid_cosine,A_axis_consistency,A_effect_magnitude,B_A_zero_accuracy,A_zero_axis_consistency,A_zero_effect_norm,B_A_negate_accuracy,A_negate_axis_consistency,A_negate_effect_norm,B_A_shuffle_accuracy,A_shuffle_axis_consistency,A_shuffle_effect_norm,B_ref_learned_margin,C_ref_learned_margin,B_ref_shuffle_margin,C_ref_shuffle_margin,B_ref_random_margin,C_ref_random_margin,B_learned_vs_mean_alt,B_learned_vs_shuffle,B_learned_vs_random,B_shuffle_vs_random,C_learned_vs_mean_alt,C_learned_vs_shuffle,C_learned_vs_random,C_shuffle_vs_random
V5,100,V5@100M,layer_1,1,1.0,1.0,0.9259259259259259,0.10260088485148222,0.8423107730017768,0.7397098881502946,0.18598176373375785,0.8944596144888136,0.7084778507550558,0.9871121865731699,0.35875385916895336,1.0,0.9816571374734243,0.178737865967883,1.0,0.9945606721772088,0.7120078951120377,1.0,0.9851187500688765,0.18551581642693943,0.053578238437573145,0.17149755226241215,0.05506168372101261,0.1880168775717418,0.050537770158714745,0.1970590061611599,0.0007785114977094665,-0.0014834452834394662,0.003040468278858399,0.0045239135622978655,-0.0210403896040387,-0.016519325309329647,-0.025561453898747755,-0.009042128589418108
V5,100,V5@100M,layer_2,2,1.0,1.0,0.9629629629629629,0.057628493590487384,0.9052666856182946,0.8476381920278072,0.1376525806056128,0.8621226198143429,0.7244700392087301,0.9846359932864154,0.34034198412188776,1.0,0.9789955880906847,0.19234676659107208,1.0,0.9932226538658142,0.6292772872580422,1.0,0.9816897379027473,0.199401898516549,0.030794028937816686,0.12470479607582097,0.03042888624800577,0.13712175157335071,0.028831054932541345,0.14782583713531494,0.0011640583475431288,0.0003651426898109156,0.001962974005275342,0.0015978313154644264,-0.01776899827851186,-0.012416955497529747,-0.023121041059493974,-0.010704085561964227
V5,100,V5@100M,layer_3,3,1.0,1.0,0.9814814814814815,0.08633877171410453,0.8634954624705844,0.7771566907564799,0.15927216410636902,0.8605328818162282,0.7012607177098592,0.9837572729146039,0.5372385929028193,1.0,0.9839067293537987,0.39721883667839897,1.0,0.9840515222814348,0.8067827936675813,1.0,0.9833135671085782,0.4077141483624776,0.04841817021369943,0.13884552584754095,0.04595616492960186,0.1554526547590892,0.04331352462371185,0.17401053574350145,0.003783325437042573,0.002462005284097568,0.0051046455899875776,0.0026426403058900094,-0.025886069403754375,-0.016607128911548252,-0.0351650098959605,-0.018557880984412245
V5,100,V5@100M,layer_4,4,1.0,1.0,0.9444444444444444,0.10104474640554861,0.842200270957417,0.7411555245518684,0.16252470612525938,0.873345555861791,0.7108208497365316,0.9421578469099822,0.5648187757642181,1.0,0.941912614636951,0.43597862124443054,1.0,0.9386707875463698,0.8042837894625134,1.0,0.9458901385466257,0.4541939165857103,0.05425178077485826,0.14307472639613683,0.055588852448595905,0.15970528788036764,0.053960626737939,0.17490505377451582,-0.0005229588184091916,-0.0013370716737376442,0.0002911540369192611,0.0016282257106569054,-0.0242304444313049,-0.01663056148423081,-0.031830327378378986,-0.015199765894148176
V5,100,V5@100M,layer_5,5,1.0,1.0,1.0,0.09098131408294041,0.8373760084311167,0.7463946943481763,0.15359928674168055,0.8633938239680397,0.7097945372263591,0.950799121900841,0.648351017523695,1.0,0.9457762208249834,0.4609154164791107,0.8333333333333334,0.9559905893272824,1.0008652706940968,1.0,0.9506305555502573,0.48327236539787716,0.04778430925475219,0.13242499695883847,0.0479106259014872,0.15510566499498157,0.04982846867707047,0.16204248468081162,-0.0010852380345266477,-0.00012631664673501408,-0.0020441594223182813,-0.0019178427755832672,-0.026149077879058125,-0.022680668036143103,-0.029617487721973146,-0.006936819685830042
V5,100,V5@100M,layer_6,6,1.0,1.0,0.9444444444444444,0.06554602276947763,0.8399944073624082,0.7744483845929305,0.15660542647043862,0.8609563906987509,0.7043509642283122,0.9208631614844004,0.548147751501313,1.0,0.906393332613839,0.3250967636704445,1.0,0.9446804920832316,0.9800619698233075,1.0,0.9115156597561307,0.3392845210101869,0.03531807404425413,0.14142955210473807,0.033926168911986854,0.1560615042845408,0.03674974309073564,0.1646563026640151,-1.9881957107115156e-05,0.0013919051322672793,-0.0014316690464815096,-0.002823574178748789,-0.018929351369539882,-0.014631952179802732,-0.023226750559277032,-0.0085947983794743
V5,100,V5@100M,final,7,1.0,1.0,0.9814814814814815,0.055801625467009064,0.8707307196325726,0.8149290941655636,0.13799016409450116,0.8523304137918685,0.7143402496973673,0.9179459335627379,0.48185178471936113,1.0,0.9028110371695625,0.28248317870828843,1.0,0.9427668452262878,0.8684524281157388,1.0,0.9082599182923635,0.29461974733405644,0.031201602684126972,0.12390054066975908,0.028729068819019488,0.13717903163697986,0.03188444922367739,0.14550994767083059,0.0008948436627785328,0.0024725338651074846,-0.0006828465395504191,-0.0031553804046579037,-0.01744394898414614,-0.01327849096722078,-0.0216094070010715,-0.008330916033850722
V5,110,V5@110M,layer_1,1,1.0,1.0,0.9814814814814815,0.10732269734144206,0.8396044770876566,0.7322817797462146,0.18598579102092316,0.8879913840028975,0.7020055929819743,0.9770971647015324,0.35046813085123346,1.0,0.971565283007092,0.1754052448603842,1.0,0.9924720260832045,0.7177938901715808,1.0,0.9672541850143008,0.1582052575217353,0.05453545219368405,0.17523427009582526,0.05724221616983405,0.1843133681350284,0.052321467051903325,0.19999597469965624,-0.0002463894171846337,-0.002706763976149995,0.0022139851417807277,0.004920749117930723,-0.016920401321517065,-0.009079098039203148,-0.02476170460383098,-0.015682606564627832
V5,110,V5@110M,layer_2,2,1.0,1.0,0.9814814814814815,0.05921693469087286,0.9020415246486664,0.8428245899577935,0.14064079986678235,0.8710695313082801,0.7304287314414978,0.9790147763711435,0.33636177317411814,1.0,0.9745582110351987,0.18600046841634643,1.0,0.9894896778795454,0.6580349190367593,1.0,0.9729964401986864,0.16504993206924862,0.030299540609121323,0.13085351851251392,0.03132710034648578,0.13709968990749788,0.02904932995637266,0.15188945664299858,0.00011132545769210189,-0.0010275597373644585,0.0012502106527486623,0.0022777703901131208,-0.013641054762734306,-0.006246171394983957,-0.021035938130484655,-0.014789766735500698
V5,110,V5@110M,layer_3,3,1.0,1.0,1.0,0.09049993894166419,0.8644314424859153,0.7739315035442511,0.16924110386106694,0.8698008550537957,0.7005597511927287,0.9745916790432401,0.5824812929387445,1.0,0.975866887304518,0.4648839318090015,0.6666666666666666,0.9731799132294126,0.8014789521694183,1.0,0.9747282365957896,0.4810809948378139,0.0491376475327544,0.15173140698009058,0.047629604405827086,0.1681742164823744,0.043940758208433794,0.18370578885078426,0.0033524662256239623,0.0015080431269273165,0.005196889324320608,0.0036888461973932918,-0.024208595686488754,-0.01644280950228383,-0.03197438187069368,-0.015531572368409852
V5,110,V5@110M,layer_4,4,1.0,1.0,0.9629629629629629,0.10912458250919976,0.844306543469429,0.7351819609602293,0.18799995581308993,0.8881332079569498,0.7001332521438599,0.9362462836283224,0.6046415931648679,1.0,0.9401986367172666,0.49582109103600186,0.8333333333333334,0.9221791724363962,0.7994306981563568,1.0,0.9463610417313046,0.5186729903022448,0.0555987203286753,0.17025322516759234,0.05983420577314158,0.1822755561934577,0.05514544008506661,0.2001471201578775,-0.0018911026004287956,-0.00423548544446628,0.0004532802436086891,0.0046887656880749695,-0.020958113008075263,-0.012022331025865363,-0.029893894990285164,-0.0178715639644198
V5,110,V5@110M,layer_5,5,1.0,1.0,1.0,0.10306556100646658,0.8242585261662801,0.7211929651598136,0.18363453348477687,0.8639072954654694,0.6802727619806925,0.9496397629932121,0.7240747798372199,1.0,0.9502918157312605,0.5620541423559189,0.6666666666666666,0.942896220419142,1.0300051669279735,1.0,0.9557312528292338,0.5801650302277671,0.05135491126113467,0.16478746665848631,0.05455780931644971,0.17885290980339053,0.05135761466291222,0.1920638508266873,-0.0016028007285462942,-0.00320289805531504,-2.7034017775484642e-06,0.0032001946535374914,-0.020670913656552603,-0.01406544314490421,-0.027276384168200996,-0.013210941023296785
V5,110,V5@110M,layer_6,6,1.0,1.0,0.9814814814814815,0.0674090993073252,0.8318557060427136,0.7644466067353884,0.16234564251369898,0.8653639223840501,0.7030182798703511,0.9027666537849992,0.5649864339718113,1.0,0.894354459312227,0.33460714088545906,1.0,0.9128879408041636,1.0255229506227705,1.0,0.9010575612386068,0.3348292104072041,0.03531482294201849,0.14883297549353702,0.035424914211034775,0.15546908511055846,0.034741477502716944,0.1667070726553599,0.0002316270851426272,-0.00011009126901628807,0.0005733454393015425,0.0006834367083178305,-0.01225510338942215,-0.006636109617021435,-0.017874097161822866,-0.011237987544801431
V5,110,V5@110M,final,7,1.0,1.0,0.9814814814814815,0.05859529922405882,0.8633078038692474,0.8047125046451886,0.1406171944406298,0.8535525586869982,0.7129353642463684,0.8978517066549371,0.5094153595467409,1.0,0.8902493947082095,0.29936886371837723,1.0,0.9054319295618269,0.9297861340973113,1.0,0.8978737956947751,0.2990910808245341,0.031682303878996065,0.1279872563150194,0.030591025782955916,0.13362325628598537,0.030900278521908686,0.1454772412776948,0.0009366517265637642,0.0010912780960401491,0.0007820253570873792,-0.00030925273895276995,-0.011562992466820687,-0.005635999970965977,-0.017489984962675398,-0.011853984991709421
V5,120,V5@120M,layer_1,1,1.0,1.0,0.9814814814814815,0.0973837748169899,0.8423068275054296,0.7449230526884397,0.18160541786087891,0.8933402611149682,0.7117348432540893,0.9869771202405294,0.35109836649563575,1.0,0.9832054310374789,0.1685689174466663,1.0,0.9947730004787445,0.7095740950769849,1.0,0.9829529292053647,0.1751520869632562,0.0511143323447969,0.17039462261729765,0.05071762411130798,0.17821057836214693,0.04808940274847884,0.19371941751903954,0.0017108189149034891,0.00039670823348891826,0.00302492959631806,0.0026282213628291418,-0.015570375323295582,-0.007815955744849279,-0.023324794901741885,-0.015508839156892607
V5,120,V5@120M,layer_2,2,1.0,1.0,1.0,0.05216378958688839,0.9067930744753944,0.854629284888506,0.13888297809494865,0.8797171903981102,0.7408342123031616,0.9818547014836913,0.3084392394456598,1.0,0.9789642890294393,0.15990118185679117,1.0,0.9916039572821723,0.6010429296228621,1.0,0.974995858139462,0.1643736068573263,0.027824157890346313,0.12922881245613105,0.027157714300685476,0.13432363470395414,0.026004547708564307,0.14810805386967119,0.001243026885721421,0.0006664435896608367,0.0018196101817820054,0.0011531665921211687,-0.011987031830681616,-0.005094822247823094,-0.018879241413540138,-0.013784419165717043
V5,120,V5@120M,layer_3,3,1.0,1.0,1.0,0.07862499207258233,0.8698762108882269,0.7912512188156445,0.1579508721828461,0.8757477382818858,0.7177968660990397,0.9670505611984819,0.5887991416233558,1.0,0.9679130083984799,0.48980435149537194,0.6666666666666666,0.9655578037103018,0.7848129984405305,1.0,0.9676808714866638,0.4917800749341647,0.04548487911621735,0.1417133152484894,0.04069429288307824,0.15307289163271587,0.038841012451383716,0.17196797728538515,0.005717226448986368,0.004790586233139105,0.006643866664833631,0.0018532804316945262,-0.02080711921056111,-0.011359576384226466,-0.030254662036895752,-0.018895085652669286
V5,120,V5@120M,layer_4,4,1.0,1.0,0.9629629629629629,0.09641069927149348,0.8462669485145144,0.749856249243021,0.16847788029246868,0.8896379782093896,0.7211600979169209,0.926376094420751,0.6243103052730913,1.0,0.9357907308472527,0.529486315117942,0.5,0.9078224632475111,0.8107688791222043,1.0,0.9355150891674889,0.5326757215791278,0.052180902577108834,0.15018460419442914,0.052149708651834104,0.16409517659081352,0.04951824471354482,0.1786674512757196,0.0013469258944193707,3.119392527473064e-05,0.002662657863564011,0.00263146393828928,-0.021196709738837416,-0.01391057239638438,-0.028482847081290452,-0.014572274684906072
V5,120,V5@120M,layer_5,5,1.0,1.0,0.9814814814814815,0.09033017588986292,0.8257812096012963,0.7354510337114334,0.16170640918943613,0.8620911651187473,0.7003847559293112,0.9474384674319515,0.7729557471142874,1.0,0.9522849288251665,0.63194131023354,0.8333333333333334,0.9378166794776917,1.0500597374306784,1.0,0.9522137939929962,0.6368661936786439,0.04864284214046266,0.1397350642416213,0.04657933331198161,0.1609592530462477,0.04574836740891142,0.16954250468148124,0.0024789917800161487,0.002063508828481053,0.0028944747315512442,0.000830965903070191,-0.02551581462224317,-0.021224188804626398,-0.029807440439859945,-0.008583251635233546
V5,120,V5@120M,layer_6,6,1.0,1.0,0.9629629629629629,0.05715514305565095,0.8403635753525628,0.7832084322969118,0.15154289801915488,0.8700935443242391,0.7185506463050843,0.9236474853974802,0.6272021595526623,1.0,0.9268190330929227,0.4064790548549758,1.0,0.9219445685545603,1.0649805449777179,1.0,0.9221788545449575,0.41014687882529366,0.03163134621249308,0.13737756742371454,0.02867348343133924,0.14980891280704067,0.030330227149857336,0.1562283966276381,0.0021294909218947944,0.0029578627811538416,0.0013011190626357472,-0.0016567437185180944,-0.015641087293624845,-0.012431345383326131,-0.018850829203923558,-0.006419483820597427
V5,120,V5@120M,final,7,1.0,1.0,0.9814814814814815,0.05215726130538523,0.8633917603227828,0.8112344990173975,0.12997863557603628,0.8617360062069364,0.7317573706309001,0.9229913100048348,0.576235557043994,1.0,0.9263298511505127,0.3733324507872264,1.0,0.9217845532629225,0.9791054030259451,1.0,0.9208595256010691,0.37626881731881034,0.029707362088892242,0.1156450152397156,0.02608052798443372,0.12802323566542728,0.028172564092609598,0.13493088020218746,0.0025808160503705824,0.0036268341044585206,0.0015347979962826441,-0.0020920361081758765,-0.015832042694091775,-0.012378220425711683,-0.019285864962471866,-0.006907644536760182
V5,25,V5@25M,layer_1,1,1.0,1.0,0.9814814814814815,0.07185333545009298,0.8587984293699265,0.7869450939198335,0.12319142222404478,0.910592895746231,0.7874014735221863,0.9963927313133523,0.15316331724601764,1.0,0.9966134197182126,0.10214666008121437,1.0,0.9980153342088064,0.28006457620196873,1.0,0.9945494400130378,0.0772787154548698,0.03891119460264847,0.11338463028271983,0.036831942449013444,0.12249630358484054,0.035552905334366725,0.12467190027236941,0.0027187707109583847,0.002079252153635025,0.0033582892682817445,0.0012790371146467194,-0.010199471645885139,-0.009111673302120704,-0.011287269989649573,-0.002175596687528869
V5,25,V5@25M,layer_2,2,0.8333333333333334,1.0,0.8888888888888888,0.03032075150145419,0.942766108446651,0.9124453569451968,0.10711118910047746,0.911270468764835,0.8041592796643575,0.9873260524537827,0.1811364433831639,1.0,0.9865649309423234,0.14720864097277322,1.0,0.9899808963139852,0.28733722617228824,1.0,0.9854323301050398,0.10886346300443013,0.016524116612142925,0.10092702839109624,0.01573016684916284,0.10743249588542514,0.01487310917841067,0.10866752598020768,0.0012224785983561692,0.000793949762980084,0.0016510074337322544,0.0008570576707521704,-0.007122982541720169,-0.006505467494328898,-0.007740497589111439,-0.001235030094782541
V5,25,V5@25M,layer_3,3,1.0,1.0,0.9629629629629629,0.05000846518410573,0.9167374306254916,0.8667289654413859,0.15008643865585325,0.8908751249313355,0.7407886862754822,0.9580558814384319,0.1560500460780329,1.0,0.9553590913613638,0.12566733422378698,1.0,0.9706435402234396,0.24998767715361384,1.0,0.9481650127304925,0.09249512685669793,0.027447967727978972,0.13958246972825794,0.026816642201609175,0.1526680045657688,0.024364312158690615,0.15064091748661468,0.001857490547829077,0.000631325526369797,0.003083655569288357,0.00245233004291856,-0.012071991297933793,-0.013085534837510848,-0.011058447758356738,0.0020270870791541107
V5,25,V5@25M,layer_4,4,1.0,1.0,0.9629629629629629,0.06411640892426174,0.898244226972262,0.8341278180480003,0.147861569457584,0.8916055533621047,0.7437439839045207,0.9460796437881611,0.1563461928593892,1.0,0.941154635614819,0.12165811719993751,1.0,0.9690604706605276,0.25633617656098473,1.0,0.9280238250891367,0.09104428481724527,0.03411793261766427,0.13753303289413454,0.03449970334768304,0.151252978377872,0.03218362083037696,0.14880493945545625,0.0007762705286342708,-0.00038177073001877115,0.0019343117872873128,0.002316082517306084,-0.01249592602252958,-0.01371994548373745,-0.01127190656132171,0.0024480389224157406
V5,25,V5@25M,layer_5,5,1.0,1.0,0.9074074074074074,0.07686874369780217,0.8405017058054606,0.7636329621076584,0.12114056017663744,0.8760967022842832,0.7549561421076457,0.9447229096183071,0.16846408895044415,1.0,0.938251813252767,0.12622579973604944,1.0,0.966200010644065,0.27947592155800927,1.0,0.9297169049580892,0.09969054555727376,0.04182612258527019,0.11084961758719547,0.04199733427829211,0.12592780060238307,0.03949721414181928,0.12028017242749534,0.0010788483752144917,-0.00017121169302192207,0.0023289084434509055,0.0025001201364728276,-0.01225436892774373,-0.015078183015187596,-0.009430554840299865,0.005647628174887731
V5,25,V5@25M,layer_6,6,1.0,1.0,0.7962962962962963,0.06513223846753446,0.8137007554372152,0.7485685169696807,0.1187148683600956,0.8906475577089522,0.7719326893488566,0.9371404140083879,0.15566790345366352,1.0,0.923587312301,0.10688941760195626,1.0,0.963742239607705,0.26659860668910873,1.0,0.9240916901164584,0.09351568606992562,0.034195542749431374,0.11455091105567083,0.03703417653838792,0.12314319213231406,0.03391786913077033,0.12123294737603929,-0.0012804800851477505,-0.002838633788956546,0.0002776736186610451,0.003116307407617591,-0.0076371586985058415,-0.008592281076643227,-0.006682036320368456,0.0019102447562747704
V5,25,V5@25M,final,7,1.0,1.0,0.8888888888888888,0.05232628352112245,0.8562582946485944,0.8039320111274719,0.10339467591709561,0.8841718998220232,0.7807772239049275,0.9263971050580343,0.12953676683483298,1.0,0.9105604853894975,0.08724109745687908,1.0,0.9617125689983368,0.22623352913392913,1.0,0.9069182607862685,0.07513567391369078,0.028979315360387115,0.1004730052418179,0.029343568450874713,0.10698927839597061,0.028086297296815443,0.10621577236387458,0.00026438248654203633,-0.00036425309048759846,0.0008930180635716711,0.0012572711540592696,-0.006129520138104694,-0.0065162731541527075,-0.00574276712205668,0.0007735060320960274
V5,50,V5@50M,layer_1,1,1.0,1.0,0.9259259259259259,0.09692364715867574,0.8549849225415124,0.7580612753828366,0.14756214949819768,0.891604506307178,0.7440423568089803,0.9939898230411388,0.285793846404111,1.0,0.9931018948554993,0.1706053792602486,1.0,0.996688531504737,0.5108244154188368,1.0,0.9921790427631803,0.1759517445332474,0.050199466447035435,0.137260052230623,0.05035226899716594,0.14455399910608924,0.04815168976783746,0.1536398218737708,0.0009474870645337363,-0.00015280255013050414,0.002047776679197977,0.002200579229328481,-0.011836858259307026,-0.007293946875466251,-0.0163797696431478,-0.00908582276768155
V5,50,V5@50M,layer_2,2,1.0,1.0,0.9259259259259259,0.04493447666366901,0.9328221877415975,0.8878877110779285,0.11773776412010184,0.8789603213469187,0.7612225572268169,0.9862735006544326,0.3226486023653437,1.0,0.9846746391720242,0.22942338635524115,1.0,0.9891471995247735,0.5006051055259175,1.0,0.9849986632664999,0.23791731521487236,0.02373011625475363,0.10979964998033309,0.023317297879192567,0.11269596682654492,0.022380026181538892,0.12440176473723519,0.0008814542243879009,0.0004128183755610637,0.001350090073214738,0.0009372716976536744,-0.008749215801556964,-0.0028963168462118327,-0.014602114756902096,-0.011705797910690263
V5,50,V5@50M,layer_3,3,1.0,1.0,0.9444444444444444,0.07833750148614249,0.8914474844932556,0.8131099830071131,0.1417448434564802,0.865648133887185,0.7239032904307048,0.9422741576477334,0.2639331686551924,1.0,0.9237756199306912,0.15398398207293618,1.0,0.981394930018319,0.48368240313397515,1.0,0.9216519229941897,0.15413312075866592,0.041904880520370225,0.12971069349182973,0.041403950005769796,0.13983626763025925,0.03813124150037761,0.1520133349630568,0.002137284767296521,0.0005009305146004284,0.003773639019992614,0.0032727085053921856,-0.016214107804828293,-0.010125574138429516,-0.02230264147122707,-0.012177067332797553
V5,50,V5@50M,layer_4,4,1.0,1.0,0.9814814814814815,0.0901511112021075,0.8889711466100481,0.7988200354079406,0.15391465491718714,0.8578949100441403,0.7039802551269532,0.9364696321664033,0.27455398012642507,1.0,0.9164939721425375,0.16568716077340973,1.0,0.9743065436681112,0.4915948866142167,1.0,0.9186083806885613,0.1663798929916488,0.046759874704811244,0.14500286049313016,0.048146862453884554,0.1510853442880843,0.04519559368491177,0.16621938745180775,8.864663541308104e-05,-0.0013869877490733096,0.0015642810198994717,0.0029512687689727812,-0.013649505376815863,-0.00608248379495413,-0.021216526958677595,-0.015134043163723465
V5,50,V5@50M,layer_5,5,1.0,1.0,1.0,0.09969138726592064,0.8261994272470474,0.7265080399811268,0.12810115350617302,0.8352093014452192,0.7071081479390462,0.9204305962279992,0.3255782969020031,1.0,0.893926567501492,0.18040461341540018,1.0,0.9716111322244009,0.6118415726555718,1.0,0.8957540889581045,0.1844887046350373,0.051587616735034536,0.11668059362305538,0.052175587995184736,0.12862159676022,0.05254755996995508,0.13817815780639642,-0.0007739572475353729,-0.0005879712601501996,-0.0009599432349205461,-0.0003719719747703465,-0.016719283660252826,-0.011941003137164619,-0.021497564183341034,-0.009556561046176415
V5,50,V5@50M,layer_6,6,1.0,1.0,0.9814814814814815,0.08125512881411445,0.8171866469913058,0.7359315181771914,0.1207789295249515,0.837206549776925,0.7164276202519735,0.9277205577603093,0.31385368550265275,1.0,0.9083340366681417,0.17512422758671972,1.0,0.9672489629851447,0.5892106725109948,1.0,0.9075786736276414,0.17722615641024378,0.04164685060580575,0.11507499482896599,0.04271562620997427,0.1251383112536536,0.04263792642288733,0.13243894378344223,-0.001029925710625046,-0.0010687756041685148,-0.000991075817081577,7.769978708693781e-05,-0.013713632689581923,-0.010063316424687607,-0.017363948954476238,-0.007300632529788631
V5,50,V5@50M,final,7,1.0,1.0,0.9814814814814815,0.06683212046821907,0.8558168808619181,0.788984760393699,0.10203493105040651,0.8273914065625932,0.7253564755121867,0.9208329353067609,0.26857953228884274,1.0,0.898396415842904,0.14711690321564674,1.0,0.9660002688566843,0.5099541387624211,1.0,0.8981021212206947,0.14866755488846037,0.036023681279685804,0.09769572880533006,0.034951745387580724,0.10600592692693078,0.035973199622498675,0.11338833702935114,0.0005612087746461047,0.0010719358921050803,5.048165718712916e-05,-0.0010214542349179512,-0.012001403172810898,-0.00831019812160072,-0.015692608224021076,-0.007382410102420356
V5,75,V5@75M,layer_1,1,1.0,1.0,0.9444444444444444,0.108614411453406,0.8454246173302332,0.7368102058768272,0.1672704405254788,0.8925541467136807,0.7252837061882019,0.9903050903920775,0.3399964517189397,1.0,0.9879116184181638,0.19123906890551248,1.0,0.9945151772763994,0.6335702141125997,1.0,0.9884884754816691,0.19518007213870683,0.05568355272213621,0.15150421129332647,0.05880029350519178,0.16393180290857945,0.05261034145951271,0.1741614871554905,-2.176476021603646e-05,-0.0031167407830555716,0.0030732112626234986,0.00618995204567907,-0.017542433738708507,-0.012427591615252975,-0.02265727586216404,-0.010229684246911064
V5,75,V5@75M,layer_2,2,1.0,1.0,0.9629629629629629,0.05276315684119859,0.9195282608270645,0.8667651039858659,0.1347344610426161,0.8796946777237786,0.7449602166811625,0.988104623776895,0.35716556040225206,1.0,0.9855833881431155,0.22999433303872743,1.0,0.9930914872222476,0.6094184517860413,1.0,0.9856389959653219,0.23208389638198745,0.02770045681132205,0.12349586685498559,0.02787070737944708,0.12925432788001168,0.025927418967088056,0.14045690960354273,0.0008013936380544817,-0.00017025056812502992,0.0017730378442339934,0.0019432884123590233,-0.011359751886791614,-0.005758461025026085,-0.016961042748557142,-0.011202581723531058
V5,75,V5@75M,layer_3,3,1.0,1.0,0.9814814814814815,0.08496386003163126,0.8739230301645067,0.7889591701328754,0.16022530330551998,0.8788685831758711,0.7186432798703511,0.989063122758159,0.4194205860020938,1.0,0.9872035152382321,0.25777165301971966,1.0,0.9900752140416039,0.6937755362855064,1.0,0.9899106389946408,0.3067145687010553,0.04744721609685154,0.14191322988933985,0.04501769451631443,0.15514584581057234,0.04067502088016939,0.16919578048917983,0.004600858398609631,0.0024295215805371084,0.006772195216682153,0.004342673636145045,-0.020257583260536227,-0.013232615921232482,-0.027282550599839972,-0.01404993467860749
V5,75,V5@75M,layer_4,4,1.0,1.0,0.9814814814814815,0.09764523257811863,0.87118432422479,0.7735390916466713,0.18410740229818556,0.8840854677889082,0.6999780654907226,0.9475004860648402,0.4591204623381297,1.0,0.9312393830882179,0.322614596121841,1.0,0.9640251696109772,0.6943901909722222,1.0,0.9472369054953257,0.3603565999203258,0.05201799861258927,0.16482523017459438,0.053356166266732785,0.17569439477390714,0.04887553983264503,0.19309008518854776,0.0009021455629003583,-0.0013381676541435183,0.003142458779944235,0.004480626434087753,-0.019567009806633062,-0.010869164599312753,-0.02826485501395337,-0.01739569041464062
V5,75,V5@75M,layer_5,5,1.0,1.0,1.0,0.09728802409436976,0.8398302561706967,0.742542232076327,0.19372657206323407,0.8689897305435604,0.6752631584803264,0.9381216179441524,0.5138818124930064,1.0,0.9161241253217062,0.3362073070473141,1.0,0.9612131781048245,0.8305374996529685,1.0,0.9370275504059262,0.37490063077873653,0.04999707026614075,0.1785984953244527,0.051064867609077025,0.18974512881702843,0.05024501209457721,0.1981800311141544,-0.0006578695856863659,-0.001067797342936272,-0.00024794182843645984,0.0008198555144998121,-0.015364084641138698,-0.01114663349257572,-0.019581535789701676,-0.008434902297125957
V5,75,V5@75M,layer_6,6,1.0,1.0,1.0,0.07407969137032822,0.8449221203724543,0.7708424290021261,0.15723288257916768,0.8439499874909718,0.6867171049118042,0.9081305530336169,0.42168896052020566,1.0,0.8768267234166464,0.25158670130703187,0.8333333333333334,0.9486864805221558,0.7367757062117258,1.0,0.8988784551620483,0.2767044740418593,0.03834330828653443,0.14868584606382573,0.03826940283179292,0.15304483506414623,0.03907066062092779,0.16309323045942514,-0.00032672343982592666,7.390545474150745e-05,-0.0007273523343933608,-0.0008012577891348682,-0.009383186697959955,-0.004358989000320501,-0.01440738439559941,-0.010048395395278908
V5,75,V5@75M,final,7,1.0,1.0,1.0,0.06319542651375132,0.8739443818728129,0.8107489553590616,0.13805733124415076,0.8349480032920837,0.696890672047933,0.9023900992340511,0.369633623847255,1.0,0.8674616283840604,0.21908534856306183,0.8333333333333334,0.9475886093245612,0.6488339503606161,1.0,0.8921200599935319,0.24098157261808714,0.03406228870153427,0.1308625890149011,0.03257326773471303,0.1339840730031331,0.03406829188267391,0.14371817045741608,0.0007415088928408031,0.0014890209668212417,-6.003181139635494e-06,-0.0014950241479608772,-0.007988532715373475,-0.0031214839882319767,-0.012855581442514974,-0.009734097454282997
V4,100,V4@100M,layer_1,1,1.0,1.0,1.0,0.09994254931807522,0.8455057889223099,0.7455632396042347,0.1705227514108022,0.8949495653311411,0.7244268139203389,0.9773931624712767,0.3373365077293582,1.0,0.9580775433116488,0.14314219831592506,0.8333333333333334,0.990372724003262,0.593254480097029,1.0,0.9837292200989194,0.27561284477512044,0.05494352488054166,0.17390351692835493,0.05643441552917161,0.16269844174385073,0.04856011536386273,0.17227148281203375,0.002446259434024489,-0.00149089064862995,0.006383409516678928,0.007874300165308878,0.006418554650412689,0.011205075184504198,0.0016320341163211793,-0.00957304106818302
V4,100,V4@100M,layer_2,2,1.0,1.0,0.9259259259259259,0.04136444412999685,0.9338158501519097,0.8924514060219129,0.12489557067553192,0.8898251195748647,0.7649295488993327,0.9923840705995207,0.42850027481714886,1.0,0.989368329445521,0.2987106757031547,1.0,0.9963919520378113,0.6727113558186425,1.0,0.9913919303152297,0.31407879292964935,0.025878974133067723,0.1293060958385467,0.023300464285744615,0.11905656192037795,0.01984779313206675,0.12548911240365768,0.00430484542416204,0.002578509847323107,0.006031181001000974,0.0034526711536778665,0.007033258676528875,0.01024953391816874,0.0038169834348890097,-0.006432550483279731
V4,100,V4@100M,layer_3,3,1.0,1.0,0.9629629629629629,0.0832188984586133,0.9027629329098595,0.8195440344512462,0.1532361712720659,0.8863357391622332,0.7330995678901673,0.9777413154089892,0.54545783141145,1.0,0.968230363395479,0.4027002917395698,1.0,0.9882911377482944,0.8173558413982391,1.0,0.9767024450831943,0.4163173610965411,0.0486071708301703,0.162547078397539,0.04559222244554095,0.14685090382893884,0.03995603339539633,0.15973368551996026,0.005833042909701658,0.0030149483846293457,0.00865113743477397,0.005636189050144624,0.009254783723089466,0.015696174568600174,0.0028133928775787576,-0.012882781691021417
V4,100,V4@100M,layer_4,4,1.0,1.0,0.8333333333333334,0.09358374642001255,0.8825380322006013,0.7889542857805888,0.1700403802924686,0.8830706311596764,0.7130302508672078,0.9600346474735826,0.502944695452849,1.0,0.9444019860691495,0.362065421210395,1.0,0.9741174446211921,0.744785295592414,1.0,0.961584511730406,0.4019833695557382,0.0548832681443957,0.1831390308009253,0.05247399393055174,0.16545567909876502,0.04595316309067943,0.18038869963751902,0.005669689633780117,0.0024092742138439593,0.008930105053716275,0.006520830839872316,0.010216841432783286,0.017683351702160288,0.0027503311634062833,-0.014933020538754005
V4,100,V4@100M,layer_5,5,1.0,1.0,0.6851851851851852,0.09393302599589026,0.8639123886823654,0.7699793626864752,0.14236435823970373,0.8756589922640059,0.7332946340243022,0.9467415335001769,0.5662447970222544,1.0,0.9223197996616364,0.3809373163514667,1.0,0.9704719814989302,0.8773842255274454,1.0,0.9474328193399641,0.44041284918785095,0.05452967368894157,0.15007943709691363,0.0484749474459224,0.13892823457717896,0.0468945793807507,0.15472558471891618,0.006844910275605021,0.006054726243019171,0.007635094308190871,0.0015803680651717,0.0032525274488660605,0.011151202519734671,-0.00464614762200255,-0.01579735014173722
V4,100,V4@100M,layer_6,6,1.0,1.0,0.9074074074074074,0.08837006505992673,0.8663424220350053,0.7779723569750786,0.11093593902058063,0.8396107282903459,0.7286747892697653,0.9426678540530028,0.5826069850612571,1.0,0.9187250898944007,0.35666066656510037,1.0,0.965260965956582,0.9982728577322431,1.0,0.9440175063080258,0.3928874308864276,0.0477334604495101,0.12278046674198573,0.04640825755066336,0.10728871756129799,0.046061737835407235,0.11225494013892279,0.0014984627564748054,0.0013252028988467446,0.0016717226141028663,0.0003465197152561217,0.013008637891875341,0.015491749180687742,0.01052552660306294,-0.0049662225776248015
V4,100,V4@100M,final,7,1.0,1.0,0.9444444444444444,0.07385245511929195,0.8929275671641032,0.8190751120448112,0.09334856602880681,0.8289322170946333,0.7355836510658265,0.9437443945142957,0.5016669341259532,1.0,0.9238709145122104,0.3098214682605531,0.6666666666666666,0.9653953545623355,0.8541674597395791,1.0,0.9419669144683414,0.3410118743777275,0.04296668320894248,0.10701096985075209,0.03825894726647272,0.08944478366110065,0.039347619728909655,0.09477583037482373,0.004163399711251292,0.00470773594246976,0.0036190634800328247,-0.0010886724624369348,0.014900662832789902,0.017566186189651445,0.012235139475928358,-0.005331046713723087
V4,110,V4@110M,layer_1,1,1.0,1.0,1.0,0.10409578954180077,0.8383765618006388,0.734280772258838,0.17598101099332175,0.8919693887233734,0.7159883777300516,0.9788022427647202,0.36724051736571167,1.0,0.9640179839399126,0.15105369728472498,0.8333333333333334,0.9871085120571984,0.6465901417864693,1.0,0.9852802322970496,0.3040777130259408,0.0577634942200449,0.17891261974970507,0.05734746671385238,0.1667816228336758,0.05134551690684419,0.17979632748497865,0.0034170024096966123,0.0004160275061925178,0.006417977313200707,0.006001949807008189,0.005623644590377841,0.012130996916029257,-0.0008837077352735756,-0.013014704651302833
V4,110,V4@110M,layer_2,2,1.0,1.0,0.9629629629629629,0.044588787274228214,0.9323959168460634,0.8878071295718352,0.12331460184521148,0.8906478709644742,0.7673332691192627,0.992569559150272,0.4543814421803863,1.0,0.989284959104326,0.30438024633460575,1.0,0.9965089923805661,0.7241687460078133,1.0,0.9919147259659238,0.33459533419873977,0.02818373822503617,0.12908144460784066,0.024992644704050493,0.11589233213000827,0.021631752947966265,0.12552343938085764,0.004871539399027791,0.0031910935209856772,0.006551985277069905,0.0033608917560842277,0.008373558852407703,0.013189112477832388,0.0035580052269830187,-0.009631107250849369
V4,110,V4@110M,layer_3,3,1.0,1.0,1.0,0.08881976397501101,0.8958053903447257,0.8069856263697147,0.16372000310156087,0.8783252232604557,0.7146052201588948,0.9779435683179786,0.5644979239613921,1.0,0.967543277475569,0.4040024123258061,1.0,0.9872851305537753,0.8466772271527184,1.0,0.9790022969245911,0.44281413240565193,0.05283423322770331,0.1712850723001692,0.04820762549837432,0.15670235289467704,0.04220547700921695,0.17206469178199768,0.007627681973907674,0.004626607729328991,0.010628756218486357,0.006002148489157366,0.006901549961831843,0.014582719405492162,-0.0007796194818284752,-0.015362338887320637
V4,110,V4@110M,layer_4,4,1.0,1.0,0.9259259259259259,0.10077000707387929,0.8838238269090652,0.783053819835186,0.19326371616787386,0.8753031995561388,0.6820394833882649,0.9502355544655412,0.493548002783899,1.0,0.9244242144955529,0.33304932299587464,1.0,0.9710410932699839,0.7538679308361478,1.0,0.9552413556310866,0.39372675451967454,0.060027907209263875,0.20308904449145004,0.05603557096587297,0.18650227453973567,0.04778736324773891,0.2024014194806416,0.008116440102457934,0.003992336243390904,0.012240543961524963,0.00824820771813406,0.008637197481261405,0.016586769951714375,0.0006876250108084347,-0.01589914494090594
V4,110,V4@110M,layer_5,5,1.0,1.0,0.8888888888888888,0.09912593008743398,0.8499480403131909,0.750822110225757,0.17785950170622933,0.8764172401693132,0.6985577384630839,0.9452032468937062,0.5703953559751864,1.0,0.9193394018544091,0.37912772513098186,0.8333333333333334,0.9702299038569132,0.8914636224508286,1.0,0.9460404349697961,0.44059472034374875,0.05729156318638062,0.18394332064522634,0.05156640940242341,0.1765094757080078,0.04868244272139344,0.18637355102433106,0.0071671371244722,0.005725153783957215,0.008609120464987186,0.0028839666810299702,0.0025018072790569112,0.007433844937218548,-0.0024302303791047253,-0.009864075316323273
V4,110,V4@110M,layer_6,6,1.0,1.0,0.9814814814814815,0.0843399241566658,0.856323187549909,0.7719832633932432,0.14125891129175827,0.8431628306706747,0.7019039193789164,0.9342858559555477,0.5895589545921043,1.0,0.9034538831975725,0.35491025033924317,0.8333333333333334,0.9649146464135911,1.0015883147716522,1.0,0.9344890382554796,0.41217829866541755,0.0448593347436852,0.15274869799613955,0.04500612161225748,0.1399504416518741,0.04264663714501593,0.14072977304458623,0.0010329553650484935,-0.00014678686857227952,0.0022126975986692665,0.002359484467241546,0.01240859064790939,0.012798256344265457,0.012018924951553323,-0.0007793313927121348
V4,110,V4@110M,final,7,1.0,1.0,1.0,0.07183439706762629,0.8854000568389893,0.813565659771363,0.12080702119403419,0.8336021039221022,0.712795082728068,0.9336568227520696,0.5000790117515458,1.0,0.909509602520201,0.3080596435401175,0.5,0.9622074829207526,0.8404077937205633,1.0,0.929253382815255,0.3517695979939567,0.04102389423383612,0.13471505045890808,0.0377305077181922,0.11885095503595144,0.03722825820247333,0.12078249123361373,0.003544511273503359,0.0032933865156439257,0.0037956360313627924,0.0005022495157188667,0.014898327324125493,0.015864095422956637,0.01393255922529435,-0.001931536197662287
V4,120,V4@120M,layer_1,1,1.0,1.0,1.0,0.10000472052229781,0.8289945307705138,0.728989810248216,0.20680582457118568,0.9150601579083337,0.708254333337148,0.9783647501910174,0.38447332230431064,1.0,0.9676190217336019,0.17681793785757488,0.8333333333333334,0.9850702782471975,0.6927821354733573,0.8333333333333334,0.982404950592253,0.28381989358199966,0.057129287719726474,0.21362410452630776,0.057255020489295316,0.2004514700836606,0.04904553600483463,0.20725406143400404,0.003979009472661499,-0.0001257327695688426,0.00808375171489184,0.008209484484460683,0.009771338767475435,0.013172634442647158,0.006370043092303712,-0.006802591350343445
V4,120,V4@120M,layer_2,2,1.0,1.0,0.9444444444444444,0.04515407656629877,0.9173249751329422,0.8721708985666434,0.13427705168724058,0.9020054479440053,0.7677283962567647,0.9927294971766295,0.47417257422650305,1.0,0.9902996718883514,0.32570289654864204,0.6666666666666666,0.9959081080224779,0.7460294233428107,0.8333333333333334,0.9919807116190592,0.35078540278805626,0.028850357482830713,0.14079283542103238,0.025485257804393813,0.12851949996418421,0.021739430394437598,0.13490830726093717,0.005238013383415008,0.0033650996784369003,0.007110927088393115,0.003745827409956215,0.00907893180847169,0.012273335456848167,0.005884528160095215,-0.006388807296752952
V4,120,V4@120M,layer_3,3,1.0,1.0,1.0,0.08428053839339156,0.8612096193763945,0.776929080983003,0.1897273215982649,0.9067125115129683,0.7169851899147034,0.9804146510583384,0.5886637118679506,1.0,0.972321586476432,0.4358598424328698,0.8333333333333334,0.9876873029602898,0.859059707985984,1.0,0.9812350637382932,0.471071585184998,0.050156236771080165,0.19775422480371263,0.04635819718241685,0.18301153712802454,0.04032242827945276,0.19731663134362964,0.00681592404014536,0.0037980395886633156,0.009833808491627405,0.006035768902964089,0.007590140567885539,0.014742687675688093,0.0004375934600829856,-0.014305094215605108
V4,120,V4@120M,layer_4,4,1.0,1.0,0.9629629629629629,0.0909831843442388,0.8353520996040769,0.7443689152598381,0.20728129612074953,0.9047848231262631,0.6975035270055135,0.9590313666396671,0.5429531758030256,1.0,0.9419264793395996,0.38443772660361397,1.0,0.9684948523839315,0.7697789983616935,1.0,0.9666727681954702,0.4746428024437692,0.05200886983010511,0.2114808360735576,0.05220564446515508,0.1999990112251706,0.04312920131617126,0.21705503397517734,0.00434144693944194,-0.00019677463504996773,0.008879668513933847,0.009076443148983815,0.0029538134733836374,0.011481824848387001,-0.005574197901619726,-0.017056022750006727
V4,120,V4@120M,layer_5,5,1.0,1.0,0.9629629629629629,0.07916005452473962,0.8025003224611282,0.7233402679363886,0.19027083184983995,0.9038670963711208,0.7135962645212809,0.9430284389743099,0.5948896579168461,1.0,0.913167009751002,0.4085971348815494,1.0,0.9679441948731741,0.8851885298887888,1.0,0.9479741122987535,0.49088330898020005,0.04363818350765447,0.19447187251514853,0.042379119743903515,0.18216502004199553,0.038282556997405126,0.20074387656317816,0.0033073451370001505,0.001259063763750956,0.005355626510249345,0.004096562746498389,0.0030174242125616813,0.012306852473152996,-0.0062720040480296335,-0.01857885652118263
V4,120,V4@120M,layer_6,6,1.0,1.0,1.0,0.06064528210295572,0.8211640450689528,0.7605187629659971,0.16546245416005456,0.8724891861279805,0.707026731967926,0.930877047556418,0.5591955927235109,1.0,0.8984956641991934,0.34034307466612923,0.8333333333333334,0.9655005733172098,0.9528907901710935,1.0,0.9286349051528506,0.38435291333331,0.03265496583448524,0.17141173614395988,0.0327113879223665,0.16051701969570586,0.030607073422935338,0.1683342291249169,0.0009957351618343213,-5.642208788125824e-05,0.002047892411549901,0.002104314499431159,0.006986111733648492,0.010894716448254016,0.0030775070190429688,-0.007817209429211047
V4,120,V4@120M,final,7,1.0,1.0,1.0,0.05436597971452606,0.8556191457642449,0.8012531660497189,0.143583478530248,0.8632685005664825,0.7196850220362345,0.9295888708697424,0.4785924484884297,1.0,0.9020163218180338,0.2966008020771874,0.8333333333333334,0.9622271060943604,0.8035734246174494,1.0,0.9245231846968333,0.33560311877065235,0.0312161402569876,0.1518953084945679,0.028876900424559926,0.137887387143241,0.028129721515708472,0.14665904906060956,0.002712829286853402,0.0023392398324276753,0.003086418741279129,0.0007471789088514535,0.009622090392642613,0.01400792135132689,0.005236259433958335,-0.008771661917368556
V4,25,V4@25M,layer_1,1,0.8333333333333334,1.0,0.9259259259259259,0.07041061992446584,0.8765439540147781,0.8061333340903123,0.12083982825279238,0.9196144243081411,0.7987745960553487,0.9844557124155539,0.11335576981030128,0.8333333333333334,0.9693192740281423,0.0441470667719841,0.8333333333333334,0.9937857290108999,0.18517497099108166,0.8333333333333334,0.9902621342076195,0.1107452716678381,0.04287194460630417,0.12441197435061135,0.0393218505713675,0.11248851153585648,0.0341392565932539,0.11986072460810349,0.00614139102399347,0.0035500940349366683,0.008732688013050272,0.005182593978113603,0.00823735627863137,0.01192346281475487,0.004551249742507868,-0.0073722130722470025
V4,25,V4@25M,layer_2,2,0.6666666666666666,0.9722222222222222,0.7777777777777778,0.024519848823547408,0.9548863768577576,0.9303665280342102,0.08263697425524386,0.918182772397995,0.8355457981427511,0.9851062253669456,0.0910552045054458,0.6666666666666666,0.9767693612310622,0.04999282800902923,0.6666666666666666,0.9909492697980669,0.1532848978208171,0.6666666666666666,0.9876000450717078,0.06988788768649101,0.015168877111540913,0.08334288862016459,0.013860293063852502,0.07739383247163567,0.01140956547525196,0.08370442920260956,0.002533947841988682,0.0013085840476884103,0.0037593116362889534,0.002450727588600543,0.0027937577830419724,0.0059490561485289195,-0.00036154058244497467,-0.006310596730973894
V4,25,V4@25M,layer_3,3,1.0,0.9722222222222222,0.9444444444444444,0.05027624169985445,0.9326705435911814,0.882394301891327,0.15841835207409327,0.89214911725786,0.7337307651837667,0.979902881163138,0.1489421501065846,1.0,0.9698649379942152,0.08363008954458767,1.0,0.9879759914345212,0.25539827512370217,1.0,0.9818677140606774,0.10779808565146393,0.030470473236507867,0.15691969593365995,0.027721509420209456,0.14949507514635718,0.023417928897672247,0.16389164394802513,0.0049007540775670155,0.002748963816298411,0.00705254433883562,0.004303580522537209,0.00022633638646879506,0.007424620787302771,-0.006971948014365181,-0.014396568801667953
V4,25,V4@25M,layer_4,4,1.0,1.0,0.9629629629629629,0.06737364489171238,0.9132507277859582,0.8458770828942458,0.14804314970970156,0.8782679378986359,0.7302247881889343,0.9686909472500836,0.18988514491529376,1.0,0.9576006962193383,0.11453478390143977,1.0,0.9798837999502817,0.32234808968173134,1.0,0.9685883455806308,0.1327725611627102,0.041164280888107085,0.14770111044247947,0.03868081006738877,0.1388067768679725,0.03192039711607819,0.1540701687335968,0.005863677296373604,0.0024834708207183143,0.009243883772028894,0.006760412951310579,0.0012626376416948193,0.008894333574506974,-0.0063690582911173355,-0.01526339186562431
V4,25,V4@25M,layer_5,5,1.0,1.0,0.9814814814814815,0.08461270299222734,0.8540855016973283,0.769472798705101,0.11051433682441714,0.8686185538768768,0.7581042170524597,0.9605152982252615,0.2257316032493556,1.0,0.9535862604777018,0.14146261662244797,1.0,0.9702237513330247,0.3800646811723709,1.0,0.9577358828650581,0.1556675119532479,0.05034974283642235,0.10697982973522602,0.047704080161121154,0.09727869894769459,0.0411394981874359,0.11754230128394239,0.005927953662143826,0.002645662675301197,0.009210244648986454,0.006564581973685257,-0.0004306703805924683,0.009701130787531431,-0.010562471548716368,-0.0202636023362478
V4,25,V4@25M,layer_6,6,1.0,1.0,0.9259259259259259,0.0844918635984262,0.8351397067308426,0.7506478431324164,0.11070948772960243,0.8679119182957543,0.7572024305661519,0.9483495972774647,0.21600184603421776,1.0,0.9404756128787994,0.14028186475237212,1.0,0.9555990596612295,0.3492930655678113,1.0,0.9489741192923652,0.15843060778246987,0.04820753476685946,0.10842850009600313,0.045683323509163265,0.10202632877561779,0.04288443442847989,0.1183169583479563,0.003923655798037884,0.002524211257696196,0.005323100338379572,0.0027988890806833755,-0.001743143465783914,0.006402171320385341,-0.00988845825195317,-0.01629062957233851
V4,25,V4@25M,final,7,1.0,1.0,0.9259259259259259,0.06773690051502657,0.8713954852686988,0.8036585847536722,0.09625113606452951,0.8597984770933788,0.7635473410288492,0.9454313947094811,0.18377319544001866,1.0,0.9368157486120859,0.11758071991304557,1.0,0.9559576710065206,0.3003290701243613,1.0,0.9435207645098368,0.13340979628264904,0.042323847197824005,0.09581397109561496,0.03593319257100425,0.0872858597172631,0.03541149687435896,0.10397683911853361,0.006651502475142401,0.006390654626819758,0.006912350323465044,0.0005216956966452857,0.00018262167771659898,0.008528111378351855,-0.008162868022918657,-0.01669097940127051
V4,50,V4@50M,layer_1,1,1.0,1.0,0.9629629629629629,0.10135400684343443,0.8627092556820976,0.7613552488386631,0.14561126232147226,0.9059796214103699,0.7603683590888977,0.9821890173134981,0.23829374296797645,1.0,0.9631588790151808,0.09939598830209838,0.8333333333333334,0.9924928678406609,0.41929785244994694,1.0,0.9909153050846524,0.19618738815188408,0.058247551901472905,0.1538382954067653,0.060033623046345186,0.13592584795422025,0.049806804872221444,0.14853179852167764,0.00332733794218959,-0.001786071144872281,0.00844074702925146,0.010226818174123742,0.01160947216881636,0.017912447452545055,0.005306496885087664,-0.012605950567457391
V4,50,V4@50M,layer_2,2,1.0,1.0,0.7592592592592593,0.037553101115756604,0.9452218893501494,0.9076687882343928,0.10445494188202742,0.8986525171332889,0.7941975752512614,0.9872458367436021,0.22645536823957055,1.0,0.9798372288544973,0.14423400825924343,1.0,0.9935256607002683,0.38724419971307117,1.0,0.9883746206760406,0.14788789674639702,0.02398319492737455,0.10775291919708252,0.02205189052555301,0.09654804137017992,0.017651299883922,0.108269265625212,0.004131599722637047,0.001931304401821543,0.006331895043452551,0.004400590641631008,0.005344265699386563,0.011204877826902604,-0.0005163464281294772,-0.011721224255032081
V4,50,V4@50M,layer_3,3,1.0,1.0,1.0,0.07590154459079113,0.9123723854621252,0.836470840871334,0.15374158753289113,0.8761077337794834,0.7223661462465922,0.9724139162787685,0.3076883909051065,1.0,0.9576354258590274,0.2048402987420559,1.0,0.9858100447389815,0.5086793833308749,1.0,0.9737962782382965,0.20954549064238867,0.045222473144531206,0.16094852421018813,0.042971073836088114,0.1451581531100803,0.03495048152075875,0.16501559813817335,0.006261695466107775,0.0022513993084430917,0.010271991623772458,0.008020592315329367,0.005861648586061308,0.015790371100107836,-0.004067073927985221,-0.019857445028093057
V4,50,V4@50M,layer_4,4,1.0,1.0,1.0,0.08500930915276206,0.9063118696212769,0.8213025604685148,0.1709144115447998,0.8789548397064209,0.708040428161621,0.9606013717474761,0.33505423711957755,1.0,0.9396254254711999,0.2175485748383734,1.0,0.9799250794781579,0.5511023385657204,1.0,0.9622536102930704,0.2365117979546388,0.048808587921990276,0.1836252219147153,0.049286648382743214,0.16669839951727128,0.039499937908517024,0.18411192496617634,0.004415294776360157,-0.0004780604607529382,0.009308650013473252,0.00978671047422619,0.008220059672991498,0.01692682239744403,-0.0004867030514610349,-0.017413525448905065
V4,50,V4@50M,layer_5,5,1.0,1.0,0.9814814814814815,0.08998993254370158,0.8681379871235954,0.7781480545798938,0.14982447094387474,0.8670047826237148,0.7171803116798401,0.948640027531871,0.396898934410678,1.0,0.9264237682024637,0.25062945899036193,1.0,0.9716933303409152,0.6625070075194041,1.0,0.9478029840522342,0.277560336722268,0.05220107138156882,0.16026526292165122,0.05029738760656777,0.14296520418590974,0.043532938096258356,0.1631140675809648,0.0052859085301557585,0.0019036837750010527,0.008668133285310464,0.0067644495103094116,0.007225627038213944,0.017300058735741475,-0.0028488046593135863,-0.02014886339505506
V4,50,V4@50M,layer_6,6,1.0,1.0,0.9629629629629629,0.08068960739506614,0.8583215160502328,0.7776319086551666,0.15161133805910754,0.8639080742994945,0.7122967362403869,0.9356567925877042,0.38687683007231466,1.0,0.9131496151288351,0.2426766318579515,1.0,0.9549810224109225,0.6510042034917407,1.0,0.9388397402233548,0.2669496548672517,0.04486971795558936,0.16110822227266108,0.042955835494730255,0.14892648789617746,0.04202070360382393,0.16034545832210112,0.00238144840631227,0.0019138824608591065,0.002849014351765433,0.0009351318909063266,0.006472249163521793,0.012181734376483622,0.0007627639505599637,-0.011418970425923658
V4,50,V4@50M,final,7,1.0,1.0,0.9814814814814815,0.06677965091334448,0.8869728859927919,0.8201932350794474,0.1300762938128578,0.8552444146739112,0.7251681208610534,0.9354825648996564,0.33675299736636655,1.0,0.9144351184368134,0.20963934933145842,1.0,0.9567287431822883,0.5701315982474221,1.0,0.9352838330798678,0.23048804452021918,0.04047702923417085,0.14206450184186292,0.034964402185546084,0.12671098775333822,0.03581058581670127,0.13894221252865258,0.005089535233047171,0.005512627048624763,0.004666443417469579,-0.000846183631155184,0.009237901700867523,0.0153535140885247,0.003122289313210347,-0.012231224775314353
V4,75,V4@75M,layer_1,1,1.0,1.0,1.0,0.10785631578829558,0.8469364957676994,0.7390801799794038,0.1654921538299985,0.9089858737256792,0.7434937198956807,0.9807199515678264,0.3008639202625663,1.0,0.9665222267309824,0.13445865942372215,0.8333333333333334,0.9900324543317159,0.5406181216239929,1.0,0.9856051736407809,0.22751497973998389,0.060328387055132104,0.17016002270910469,0.06207175403833398,0.15590743753645153,0.05218405284815364,0.16437915166219086,0.003200483611888294,-0.0017433669832018772,0.008144334206978465,0.009887701190180342,0.01001672810978349,0.014252585172653154,0.005780871046913827,-0.008471714125739327
V4,75,V4@75M,layer_2,2,1.0,1.0,0.9259259259259259,0.041735291232665395,0.9356592446565628,0.8939239534238974,0.11603454417652548,0.8991363333331214,0.7831017891565959,0.9901499836533159,0.35333485873761,1.0,0.986175407965978,0.2436979975965288,0.8333333333333334,0.9957211911678314,0.5885459350215064,1.0,0.988553351826138,0.2277606435947948,0.025991589907142787,0.12005398339695406,0.023919894794623087,0.10976872113015923,0.019863993343379738,0.11648883024851486,0.004099645838141375,0.0020716951125197003,0.006127596563763049,0.004055901451243349,0.006925207707617009,0.010285262266794826,0.003565153148439193,-0.006720109118355633
V4,75,V4@75M,layer_3,3,1.0,1.0,0.9814814814814815,0.08531924610336616,0.8998890767494837,0.8145698306461175,0.16568404237429302,0.881237385670344,0.715553343296051,0.9706714749336243,0.448970287486359,1.0,0.9595581259992387,0.32713842143615085,1.0,0.9838392602072822,0.7133483787377676,1.0,0.9686170385943519,0.3064240622851584,0.04934020845426457,0.1732016715738508,0.04635621781150501,0.15832825700442,0.04054620820615029,0.16996620893478398,0.0058889954454369176,0.0029839906427595597,0.008794000248114275,0.005810009605354716,0.009054438604248816,0.01487341456943081,0.0032354626390668217,-0.011637951930363988
V4,75,V4@75M,layer_4,4,1.0,1.0,0.9259259259259259,0.09322008904483592,0.8861737615532346,0.7929536725083987,0.19505453639560277,0.8895428948932224,0.6944883584976196,0.9529419320601006,0.46136315691250346,1.0,0.9329006440109677,0.3229786646034982,1.0,0.9727755023373498,0.721687020526992,1.0,0.9531496498319838,0.3394237856070201,0.051703281535042556,0.20550171004401319,0.05221489088402853,0.19225694139798477,0.04415006612737982,0.19921226898829147,0.003520803029338382,-0.0005116093489859752,0.007553215407662739,0.008064824756648714,0.009767104850875064,0.013244768646028415,0.006289441055721712,-0.0069553275903067036
V4,75,V4@75M,layer_5,5,1.0,1.0,0.9444444444444444,0.09511586402853323,0.8692999432484309,0.7741840792198976,0.18114917543199327,0.8899626400735643,0.708813464641571,0.941346001845819,0.5152956768870355,1.0,0.9153220355510712,0.3429246379269494,1.0,0.9679888255066342,0.8321759170956082,1.0,0.9407271444797516,0.37078647563854855,0.05146656690372364,0.18908512592315674,0.05032989316516456,0.17845758067237005,0.04720272347331056,0.18587243888113236,0.0027002585844860816,0.0011366737385590797,0.0042638434304130834,0.0031271696918540037,0.0069201161464055305,0.010627545250786685,0.003212687042024376,-0.007414858208762309
V4,75,V4@75M,layer_6,6,1.0,1.0,1.0,0.0733608783119255,0.8565663281414244,0.7832054498294989,0.16483294036653307,0.8707849449581571,0.705952004591624,0.9307721268247674,0.4859327248953007,1.0,0.9049076901541816,0.3034547550810708,0.8333333333333334,0.9511450032393137,0.8333327124516169,1.0,0.9362636870808072,0.32101070715321434,0.039663327071401744,0.17473091483116143,0.039117573946714446,0.16131417221493194,0.03812460651000338,0.16439400712649022,0.001042236843042832,0.0005457531246872982,0.0015387205613983657,0.0009929674367110675,0.011876825160450355,0.013416742616229493,0.010336907704671217,-0.003079834911558277
V4,75,V4@75M,final,7,1.0,1.0,1.0,0.062122853265868305,0.883598299490081,0.8214754462242126,0.14198222226566748,0.8643299427297381,0.7223477204640706,0.9326557693658052,0.4270279119136157,1.0,0.9090759125020769,0.2687633339729574,0.6666666666666666,0.9545934134059482,0.7296536879407035,1.0,0.9342979821893904,0.28266671382718617,0.03623886563711698,0.1546570771270328,0.03258575308654044,0.1382528278562758,0.033213070531686206,0.14166367517577272,0.003339453828003658,0.0036531125505765427,0.003025795105430773,-0.0006273174451457697,0.014698825611008548,0.01640424927075701,0.012993401951260086,-0.0034108473194969235
V6,100,V6@100M,layer_1,1,1.0,1.0,0.9259259259259259,0.10409325435757633,0.847673699259758,0.7435804449021817,0.16459203428692293,0.8876899070209927,0.7230978727340698,0.9870858435277586,0.3202306297090319,1.0,0.9845693111419678,0.19121635953585306,1.0,0.9838462803098891,0.5488835639423795,1.0,0.9928419391314188,0.22059196564886305,0.06084592127137711,0.17163759933577638,0.0586299732327461,0.15181026260058095,0.051657792594697716,0.17155675225787692,0.005702038357655204,0.0022159480386310104,0.009188128676679397,0.006972180638048386,0.009954091906547446,0.019827336735195433,8.084707789945966e-05,-0.019746489657295974
V6,100,V6@100M,layer_2,2,1.0,1.0,0.9444444444444444,0.05345183884104099,0.9179762800534567,0.8645244412124157,0.1319041887919108,0.8794549385706584,0.7475507497787476,0.9840410373829029,0.32683626631343804,1.0,0.976337687836753,0.18687748619251782,1.0,0.9943069881863065,0.6054536369111803,1.0,0.9814784361256493,0.1881776758366161,0.03273209126459231,0.14191237820519342,0.030081007132927606,0.12034332354863486,0.026482700887653587,0.13915600710444975,0.004450237254301714,0.002651084131664705,0.006249390376938724,0.003598306245274019,0.012162712878651116,0.02156905465655856,0.002756371100743671,-0.01881268355581489
V6,100,V6@100M,layer_3,3,1.0,1.0,1.0,0.09025042694475915,0.8731063124206331,0.7828558854758739,0.13910280863444013,0.8644469698270162,0.725344161192576,0.970122511740084,0.3638935391273763,1.0,0.9628079334894816,0.22907126487957108,1.0,0.9861137900087569,0.6511949416663911,1.0,0.9614458117220137,0.2114144108361668,0.05545427997907004,0.15308475229475238,0.05087095258964436,0.12189924650722073,0.0454232174489233,0.1535757528411017,0.007307194959786212,0.004583327389425684,0.01003106253014674,0.005447735140721055,0.015347252620591167,0.031185505787531653,-0.0004910005463493183,-0.03167650633388097
V6,100,V6@100M,layer_4,4,1.0,1.0,0.9444444444444444,0.10288853918512664,0.8529214511315028,0.7500329119463761,0.1265290107991961,0.8716775861051348,0.7451485753059387,0.9636572665638393,0.39324377187424236,1.0,0.9582745432853699,0.2788342191941208,1.0,0.9739104178216722,0.6497026599115796,1.0,0.958786838584476,0.25119443651702666,0.057721563511424656,0.14101460774739583,0.056303250541289596,0.11492274668481617,0.0534320193860266,0.1341157416502634,0.00285392854776656,0.0014183129701350605,0.004289544125398059,0.0028712311552629988,0.016495363579856037,0.026091861062579658,0.006898866097132417,-0.01919299496544724
V6,100,V6@100M,layer_5,5,1.0,1.0,0.9444444444444444,0.09971153404977584,0.8362423794137107,0.7365308453639349,0.10397598478529191,0.8581451945834689,0.754169209798177,0.9602477671923461,0.4714533076794059,1.0,0.9458801415231493,0.314360068904029,1.0,0.9712620708677504,0.7577488240268495,1.0,0.9636010891861386,0.3422510301073392,0.051463948438564944,0.11320102413495381,0.050603118373288014,0.09133332437939112,0.05411790303058095,0.11509671211242667,-0.000896562263369538,0.0008608300652769296,-0.0026539545920160057,-0.0035147846572929353,0.009986005889044913,0.021867699755562686,-0.0018956879774728597,-0.023763387733035546
V6,100,V6@100M,layer_6,6,1.0,1.0,0.9444444444444444,0.07971440545386732,0.8668295558955934,0.7871151504417261,0.09224131306012462,0.8493304073810577,0.7570890943209331,0.9624640478028191,0.41966357137318006,1.0,0.95498326420784,0.27800293183988994,1.0,0.9688730471664004,0.6731352027919557,1.0,0.963535832034217,0.3078525794876946,0.04310817486710017,0.0964339872201283,0.04165640738275311,0.08367794619666213,0.0437496779693497,0.10367858277426822,0.00040513219104876264,0.0014517674843470552,-0.0006415031022495299,-0.002093270586596585,0.002755722734663124,0.01275604102346617,-0.007244595554139921,-0.02000063657760609
V6,100,V6@100M,final,7,1.0,1.0,0.9814814814814815,0.06810174327757623,0.8889464454518424,0.8208447021742662,0.07517764502101476,0.8363220406903161,0.7611443956693014,0.9599063407491756,0.38060932344308607,1.0,0.9490018652545081,0.24200126321779358,1.0,0.9698505732748244,0.6267903331253264,1.0,0.9608665837181939,0.2730363739861382,0.03979816511273382,0.08068865405188663,0.03584839577476184,0.066874290837182,0.03808007116119061,0.08596146768993795,0.0028339316447575924,0.003949769337971976,0.0017180939515432092,-0.0022316753864287664,0.004270774788326659,0.013814363214704639,-0.005272813638051321,-0.01908717685275596
V6,110,V6@110M,layer_1,1,1.0,1.0,1.0,0.11412378276387847,0.8506629317998886,0.7365391490360101,0.18326102495193486,0.8785695910453797,0.6953085660934448,0.9802891402332872,0.3050251292685668,1.0,0.9745947685506609,0.17006959973110092,1.0,0.9798340797424316,0.550593806637658,1.0,0.9864385724067688,0.19441198143694136,0.06509366921252668,0.1913168456819323,0.06384402977095716,0.1697465737660725,0.056457565393712716,0.19488009744220303,0.0049428716301917475,0.0012496394415695278,0.008636103818813967,0.007386464377244439,0.009003510077794541,0.021570271915859807,-0.0035632517602707248,-0.02513352367613053
V6,110,V6@110M,layer_2,2,1.0,1.0,1.0,0.05935679773489633,0.911577433347702,0.8522206356128057,0.14259406791792972,0.8781658377912309,0.7355717698733012,0.9800683282039783,0.32354962825775146,1.0,0.9721491932868958,0.18507512865795028,1.0,0.9922339419523875,0.598667699429724,1.0,0.9758218493726518,0.18690605668558014,0.036071339084042475,0.15413081447283428,0.033757609791225884,0.13335846530066597,0.028627552174859572,0.15220886800024247,0.004878758100999747,0.002313729292816591,0.007443786909182903,0.0051300576163663125,0.011347147822380055,0.020772349172168303,0.0019219464725918067,-0.018850402699576496
V6,110,V6@110M,layer_3,3,1.0,1.0,0.9629629629629629,0.09833385166194697,0.8585804816749361,0.7602466300129891,0.17392083009084058,0.8785693724950154,0.7046485424041748,0.9694119713924549,0.36257620376569255,1.0,0.9642524487442441,0.22479873067802852,1.0,0.983308474222819,0.6553348683648639,1.0,0.9606749912103018,0.20759501225418514,0.05995170606507194,0.19032892319891193,0.05599508873290482,0.1583392759164175,0.048160735186603354,0.18883337643411424,0.007873794105317855,0.003956617332167123,0.011790970878468587,0.007834353546301465,0.016742597023646055,0.03198964728249443,0.001495546764797684,-0.030494100517696743
V6,110,V6@110M,layer_4,4,1.0,1.0,0.9259259259259259,0.12251232514778776,0.8368774255116781,0.7143651003638903,0.18642319242159522,0.8830700854460398,0.6966468930244446,0.9667739757785091,0.40190112342437107,1.0,0.9664910634358724,0.28362372683154213,1.0,0.9694339368078444,0.6633751342693964,1.0,0.9643969270918105,0.2587045091721747,0.06763847197095552,0.2024016320705414,0.06670156146089234,0.17515012820561726,0.06346700390179949,0.19687868489159477,0.0025541892896095986,0.0009369105100631714,0.004171468069156026,0.0032345575590928544,0.01638722552193539,0.027251503864924143,0.0055229471789466356,-0.021728556685977507
V6,110,V6@110M,layer_5,5,1.0,1.0,0.9444444444444444,0.1138776107794709,0.837989823685752,0.7241122129062811,0.1608031001355913,0.8655634688006507,0.7047603686650594,0.9614585251719864,0.4747454438496519,1.0,0.9442452258533902,0.2959696220027076,1.0,0.9695448478062948,0.7620049168666204,1.0,0.9705855018562741,0.3662617926796277,0.05906968679693014,0.1713069028324552,0.05829831030633714,0.14624949693679812,0.061318268295791456,0.17476806905534537,-0.000738602504134156,0.000771376490593001,-0.002248581498861313,-0.003019957989454314,0.010798119836383457,0.02505740589565708,-0.0034611662228901663,-0.028518572118547247
V6,110,V6@110M,layer_6,6,1.0,1.0,1.0,0.08098790463474059,0.8762660738494661,0.7952781692147255,0.13851771222220532,0.8383295403586494,0.699811828136444,0.9664247786557233,0.42280851180354756,1.0,0.9589538607332442,0.2668362404737208,1.0,0.9715992907683054,0.6871184292766783,1.0,0.9687211844656203,0.31447086566024357,0.04467173044880235,0.14542005989286633,0.042680937465694235,0.12607868446244141,0.04392827202876415,0.15044502880838184,0.0013671257015731575,0.001990792983108114,0.0007434584200382011,-0.0012473345630699129,0.007158203257454698,0.019341375430424912,-0.005024968915515515,-0.024366344345940427
V6,110,V6@110M,final,7,1.0,1.0,0.9814814814814815,0.07301465488142445,0.8955515242285199,0.8225368693470955,0.10890620417065089,0.81857441133923,0.7096682071685791,0.9631392194165125,0.39314774065106,1.0,0.9499239325523376,0.2383328096734153,1.0,0.9731232855055068,0.6550941798422072,1.0,0.9663704401916928,0.28601623243755764,0.04352639839053152,0.11758963002098932,0.03877462305956414,0.09613631566365555,0.04033843187822239,0.12079888383547466,0.003969870921638252,0.004751775330967378,0.003187966512309126,-0.0015638088186582522,0.00912203027142422,0.021453314357333775,-0.0032092538144853355,-0.02466256817181911
V6,120,V6@120M,layer_1,1,1.0,1.0,0.9814814814814815,0.10008275616500117,0.8455278310510848,0.7454450748860836,0.20844482382138574,0.8921367148558299,0.6836918910344442,0.9817939455862398,0.3093749962195202,1.0,0.9777292509873708,0.16968864823381105,1.0,0.9831668668323092,0.5787500457631217,1.0,0.9844857189390395,0.1796862946616279,0.056400920699040125,0.21786010927624178,0.05618543873230608,0.19505774312549173,0.05003095881806474,0.21766612794664164,0.0032927219238547134,0.00021548196673404352,0.006369961880975383,0.00615447991424134,0.011498173740175088,0.022802366150750042,0.0001939813296001347,-0.022608384821149907
V6,120,V6@120M,layer_2,2,1.0,1.0,1.0,0.050775097558895754,0.9105167289574941,0.8597416313985984,0.1702764643563165,0.8882428182495965,0.71796635389328,0.982627143462499,0.31653639756970936,1.0,0.9740948776404063,0.17743643869956335,1.0,0.9937116636170281,0.5915283726321326,1.0,0.9800748891300626,0.18064438137743208,0.030571550130844116,0.18261622190475457,0.027867291867732957,0.15993999573919504,0.02505685769849353,0.17827878793080643,0.004109475347730873,0.002704258263111159,0.0055146924323505875,0.0028104341692394286,0.013506830069753839,0.022676226165559532,0.004337433973948146,-0.018338792191611386
V6,120,V6@120M,layer_3,3,1.0,1.0,1.0,0.08073563989665777,0.862878249751197,0.7821426098545392,0.2106056955125597,0.8844893958833483,0.6738837003707886,0.968296272887124,0.3460846555729707,1.0,0.9625533554289076,0.21575078492363295,1.0,0.984154052204556,0.6263960533671908,1.0,0.9581814110279083,0.1961071284280883,0.04799247971839371,0.2280021051565807,0.04433102293146973,0.19305894970893855,0.0395418995784389,0.22585999700758197,0.006056018463439394,0.003661456786923978,0.00845058013995481,0.004789123353030833,0.01854263179832044,0.03494315544764215,0.0021421081489987337,-0.032801047298643415
V6,120,V6@120M,layer_4,4,1.0,1.0,0.9814814814814815,0.09076221171352594,0.8475741975837283,0.7568119858702024,0.20564582546552024,0.8885151167710622,0.682869291305542,0.96234988283228,0.38104214201922765,1.0,0.957392563422521,0.2725025792088773,1.0,0.9714265829986997,0.6253608995013766,1.0,0.9582305020756192,0.24526294734742907,0.04823179054591398,0.21712696221139693,0.048517912543482256,0.19408257934782236,0.04644064654906599,0.21628745728068877,0.0007525109996398549,-0.0002861219975682783,0.001791143996847988,0.0020772659944162664,0.011941943897141372,0.023044382863574575,0.0008395049307081681,-0.022204877932866407
V6,120,V6@120M,layer_5,5,1.0,1.0,0.9814814814814815,0.08351509513126487,0.8251909530825086,0.7416758579512437,0.18664212028185523,0.8846190273761749,0.6979769070943197,0.9556539720959133,0.4702806757004172,1.0,0.9331588115957048,0.3025580984022882,1.0,0.9696048034562005,0.754732628663381,1.0,0.9641983012358347,0.35355130003558266,0.043052580952644415,0.1924634026156531,0.043751143250200464,0.17448078129026623,0.043668162657154896,0.20173156857490537,-0.0006570720010332654,-0.000698562297556049,-0.0006155817045104817,8.298059304556737e-05,0.0043572276830672885,0.01798262132538686,-0.009268165959252284,-0.027250787284639144
V6,120,V6@120M,layer_6,6,1.0,1.0,1.0,0.06659095138311377,0.8578607390324274,0.7912697876493137,0.14653221699926589,0.8707940969202254,0.7242618799209595,0.9676751560635036,0.4334024715202826,1.0,0.9617431528038449,0.29235848287741345,1.0,0.9721887873278724,0.6932843824227651,1.0,0.9690935280587938,0.3145645492606693,0.036971730987230944,0.14841337270206878,0.0352194084889359,0.13691349956724375,0.03556332770321102,0.16017012264993458,0.001580362891157483,0.0017523224982950447,0.0014084032840199212,-0.0003439192142751235,-0.0001284384065203814,0.011499873134825034,-0.011756749947865797,-0.02325662308269083
V6,120,V6@120M,final,7,1.0,1.0,0.9814814814814815,0.06073213401767941,0.8799865179591708,0.8192543839414914,0.12134613924556314,0.85840565694703,0.7370595177014668,0.9630606925046002,0.40326056022334983,1.0,0.9517852365970612,0.25732796556419796,1.0,0.9725571307871077,0.6695478012164434,1.0,0.9648397101296319,0.2829059138894081,0.03632444366812715,0.12537100712458293,0.032384596433904456,0.11140976945559178,0.03296907742818189,0.13513668576876325,0.003647606737083975,0.003939847234222693,0.0033553662399452566,-0.0005844809942774365,0.0020977795124054177,0.013961237668991155,-0.00976567864418032,-0.023726916313171476
V6,25,V6@25M,layer_1,1,0.8333333333333334,1.0,1.0,0.06788147389888766,0.869616836309433,0.8017353624105453,0.11542344490687051,0.9147554715474446,0.7993320266405741,0.985095042873312,0.1339916740026739,1.0,0.9838050272729661,0.0768787283450365,1.0,0.9827049440807767,0.20682981030808556,0.8333333333333334,0.9887751572661929,0.11826648335489962,0.04067872762680058,0.12454818354712593,0.03755528769559335,0.10696846776538427,0.03290084136856919,0.11447326540946956,0.00545066309471931,0.003123439931207228,0.007777886258231392,0.004654446327024164,0.01382731695969902,0.017579715781741667,0.010074918137656375,-0.007504797644085293
V6,25,V6@25M,layer_2,2,0.8333333333333334,1.0,0.7777777777777778,0.026001326325866936,0.9490235779020522,0.9230222515761852,0.087189605500963,0.920887373553382,0.833697768052419,0.9915214975674947,0.13618647065703515,0.8333333333333334,0.9886765943633186,0.08460417182909118,1.0,0.9946871532334222,0.21674443119102055,0.8333333333333334,0.9912007451057434,0.10721080895099375,0.015136522965298771,0.09191442065768773,0.014367282473378706,0.08292509317398067,0.01232737170325382,0.08747346931033673,0.0017891958769825078,0.0007692404919200646,0.002809151262044951,0.0020399107701248864,0.006715139415529037,0.008989327483707066,0.004440951347351008,-0.004548376136356058
V6,25,V6@25M,layer_3,3,1.0,1.0,1.0,0.0462802405986521,0.9227951251798205,0.8765148845811684,0.13971193830172213,0.9004850208759307,0.7607730825742086,0.9862118981502674,0.17265726260288997,1.0,0.9831050402588315,0.11135236567093267,0.8333333333333334,0.9900258580843607,0.26976923189229435,1.0,0.9855047961076101,0.13685019024544293,0.02675125880373841,0.14803527792294813,0.02503724387950368,0.1348304053147633,0.021484705557425876,0.1411241319444444,0.0034902840852736317,0.0017140149242347302,0.005266553246312533,0.003552538322077803,0.010058009293344272,0.013204872608184814,0.00691114597850373,-0.0062937266296810845
V6,25,V6@25M,layer_4,4,1.0,1.0,0.9629629629629629,0.05711765115459766,0.9028879304726919,0.8457702793180942,0.13824915885925293,0.9009830236434937,0.7627338647842408,0.9834110979680663,0.20167447212669587,1.0,0.9787211451265547,0.13470620786150297,1.0,0.9890079398949941,0.310926068160269,1.0,0.9825042088826498,0.1593911403583156,0.031391925364732676,0.14849870734744608,0.03118320852518086,0.13333486782179949,0.028002629925807265,0.13971933854950802,0.0017990061392386125,0.00020871683955181464,0.0033892954389254104,0.0031805785993735958,0.011971604161792326,0.015163839525646594,0.008779368797938059,-0.0063844707277085355
V6,25,V6@25M,layer_5,5,1.0,1.0,0.9814814814814815,0.07322601750493052,0.8460065772136053,0.7727805597086748,0.12255701687600873,0.8886445727613237,0.766087555885315,0.9657821522818671,0.22901800371430536,1.0,0.9602673980924818,0.15584518180953133,1.0,0.9741222295496199,0.3499886343876521,1.0,0.9629568292034997,0.18122019494573274,0.03990069818165576,0.1308897395928701,0.039800734238492175,0.11678852107789783,0.03723175211085217,0.12581662469440036,0.001384455006983587,9.996394316358348e-05,0.0026689460708035906,0.002568982127640007,0.009587166706720995,0.014101218514972258,0.005073114898469733,-0.009028103616502525
V6,25,V6@25M,layer_6,6,1.0,1.0,0.8703703703703703,0.06317014868060744,0.8424121836821238,0.7792420350015163,0.13159267240100436,0.8920963578754001,0.7605036854743957,0.9635641674200693,0.21984742250707412,1.0,0.9568909804026285,0.1495713856485155,1.0,0.9720522926913368,0.33518312126398087,1.0,0.9617492291662428,0.17478776060872608,0.03498066059417193,0.1366075449519687,0.034248852315876155,0.1277818719546,0.03299669689602325,0.1338934030797746,0.0013578859882222294,0.0007318082782957758,0.001983963698148683,0.0012521554198529072,0.005769907434781396,0.008825672997368694,0.002714141872194098,-0.006111531125174596
V6,25,V6@25M,final,7,1.0,1.0,0.9259259259259259,0.05165332621998264,0.8750623828834958,0.8234090566635132,0.11664957337909265,0.8869827919536166,0.770333218574524,0.9614273309707642,0.19093814023115016,1.0,0.9533826775021024,0.12738005899720722,1.0,0.9710589614179399,0.29440899689992267,1.0,0.9598403539922502,0.1510253647963206,0.031286537647247314,0.12391105161772831,0.028447357647948812,0.11278347240553965,0.027632413804531075,0.11951725747850206,0.0032466519210073708,0.0028391799992985023,0.0036541238427162392,0.000814943843417737,0.007760686675707451,0.011127579212188654,0.004393794139226248,-0.006733785072962406
V6,50,V6@50M,layer_1,1,1.0,1.0,0.9444444444444444,0.09413124803039763,0.865591886970732,0.7714606389403343,0.12154578169186914,0.8953422804673513,0.7737964987754822,0.9894823796219296,0.29493506059602453,1.0,0.9814500477578905,0.19846312246388859,1.0,0.9926495419608222,0.473212787674533,1.0,0.9943475491470761,0.21312927164965206,0.056151404314570885,0.13254188961452917,0.05311406155427301,0.10978782773017892,0.04647612414426283,0.12335077259275651,0.006356311465302966,0.0030373427602978786,0.009675280170308054,0.006637937410010175,0.01597258945306146,0.022754061884350252,0.009191117021772666,-0.013562944862577586
V6,50,V6@50M,layer_2,2,1.0,1.0,0.7777777777777778,0.040615689671701816,0.9392988400326835,0.8986831503609817,0.09028800792164271,0.8901001340813107,0.799812126159668,0.9837889185658207,0.2720169001431377,1.0,0.9676370422045389,0.17543763998481962,1.0,0.9956154657734765,0.45731046547492343,1.0,0.9881142477194468,0.18330259496966997,0.02379914795358984,0.09857961932818105,0.022743351426389502,0.08001655936241148,0.01949740151564272,0.09372537533442182,0.0026787714825737274,0.0010557965272003367,0.004301746437947118,0.0032459499107467815,0.011708651979764395,0.01856305996576957,0.004854243993759222,-0.013708815972010346
V6,50,V6@50M,layer_3,3,1.0,1.0,1.0,0.07960352210534938,0.9096857541137271,0.8300822320083777,0.12291613817214964,0.8725341240564982,0.7496179858843486,0.9744228742740773,0.31673111669995163,1.0,0.9544089734554291,0.21851924972401726,1.0,0.990764750374688,0.5086177032854822,1.0,0.9780948989921145,0.22305639709035555,0.046041989574829745,0.1380167312092252,0.044104934980471966,0.1101364798016019,0.0375654582348135,0.13086512618594692,0.005206792967187013,0.0019370545943577788,0.008476531340016247,0.006539476745658468,0.017515928215450782,0.02788025140762329,0.0071516050232782735,-0.020728646384345017
V6,50,V6@50M,layer_4,4,1.0,1.0,1.0,0.08858159590098591,0.9067267311943902,0.8181451352934043,0.15428230033980472,0.8675563540723589,0.7132740537325541,0.9661230080657535,0.3053056158953243,1.0,0.9490619599819183,0.2265770071082645,1.0,0.9824419584539201,0.4777115070157581,1.0,0.966865105761422,0.21162833356195027,0.04768768325448036,0.17210734221670365,0.0471826277673244,0.14366725020938453,0.04406111902660803,0.16186195545726345,0.002065809857514145,0.0005050554871559587,0.003626564227872331,0.003121508740716372,0.01934273938337966,0.028440092007319118,0.0102453867594402,-0.018194705247878917
V6,50,V6@50M,layer_5,5,1.0,1.0,0.9814814814814815,0.09876775874031907,0.8473764293723636,0.7486086706320445,0.12630712125036447,0.8542891336811913,0.7279820124308268,0.9561080292419151,0.3483190706206692,1.0,0.934586786561542,0.2512335123287307,1.0,0.9734585185845693,0.5343149345782068,1.0,0.960278782579634,0.25940876495507026,0.052264068192905855,0.14192763169606526,0.05086679483453438,0.1126353965865241,0.05101421698927877,0.13395055863592353,0.0013235622809992797,0.0013972733583714758,0.0012498512036270837,-0.00014742215474439213,0.01863465408484144,0.029292235109541154,0.007977073060141726,-0.021315162049399428
V6,50,V6@50M,layer_6,6,1.0,1.0,0.9814814814814815,0.07908474894033535,0.8530813174115287,0.7739965684711934,0.12473727133538992,0.8590521143542396,0.7343148430188496,0.9589633731930345,0.3390455113516914,1.0,0.9405869907803006,0.23015979843007195,1.0,0.9740923874908023,0.5329966296752294,1.0,0.9622107413080003,0.2539801059497727,0.043259271234273866,0.13390512201521132,0.04107818711135114,0.11757119761572943,0.041845976230171056,0.13161587582694156,0.0017971895635127688,0.0021810841229227274,0.0014132950041028103,-0.0007677891188199171,0.009311585293875824,0.01633392439948189,0.0022892461882697557,-0.014044678211212136
V6,50,V6@50M,final,7,1.0,1.0,0.9814814814814815,0.06682070874505563,0.88081104391151,0.8139903351664544,0.10558347238434684,0.8514556957615746,0.7458722233772278,0.9567651759695123,0.30319528019538633,1.0,0.9372851649920145,0.20154323346085018,1.0,0.9732984370655484,0.4838841963145468,1.0,0.9597119258509742,0.224158410810762,0.039849258545372135,0.11666667395167885,0.035306172735161234,0.09874308043056057,0.03617507964372635,0.11252817114194236,0.004108632355928343,0.004543085810210901,0.003674178901645786,-0.0008689069085651147,0.011031048165427382,0.017923593521118275,0.004138502809736488,-0.013785090711381787
V6,75,V6@75M,layer_1,1,1.0,1.0,0.9814814814814815,0.10456330494748223,0.8525406238105562,0.747977318863074,0.14921226302782686,0.8973911543687184,0.7481788913408915,0.9864633436556215,0.3260909578314534,1.0,0.9809827837679121,0.20490425866511133,1.0,0.9861995346016355,0.5504926625225279,1.0,0.9922077125973172,0.22287595230672094,0.06238434645864699,0.16204638282457984,0.05827479999926355,0.1387423998779721,0.050926862574285914,0.15448616014586558,0.007783515171872257,0.00410954645938344,0.011457483884361075,0.007347937424977635,0.015432102812660997,0.023303982946607738,0.007560222678714257,-0.01574376026789348
V6,75,V6@75M,layer_2,2,1.0,1.0,0.9074074074074074,0.05322541967034333,0.9153362313906351,0.8621108117202918,0.11340454684363477,0.8987535622384814,0.7853490153948466,0.9818484915627373,0.3315067201576851,1.0,0.9689198599921333,0.20681626680824491,1.0,0.9946330885092417,0.5874127000570297,1.0,0.9819925261868371,0.20029119360778067,0.03308605808350773,0.12203705575731072,0.029908486869600015,0.10454528133074448,0.02552665132615306,0.11865548557705352,0.005368488985631192,0.003177571213907715,0.00755940675735467,0.004381835543446955,0.01043667230341172,0.017491774426566242,0.0033815701802571985,-0.014110204246309044
V6,75,V6@75M,layer_3,3,1.0,1.0,0.9814814814814815,0.09587165448400703,0.8786823534303241,0.782810698946317,0.15418114264806104,0.8965887228647867,0.7424075802167257,0.9711218487333367,0.36312043901394914,1.0,0.9580272999074724,0.24734881478879187,1.0,0.987287183602651,0.6126410812139511,1.0,0.9680510626898872,0.22937142103910446,0.059165024509032604,0.16930654909875664,0.054194853372043994,0.14181764456960888,0.045063756903012564,0.16421838270293343,0.009535719371504325,0.00497017113698861,0.01410126760602004,0.00913109646903143,0.016288535462485487,0.027488904529147762,0.005088166395823213,-0.02240073813332455
V6,75,V6@75M,layer_4,4,1.0,1.0,0.9629629629629629,0.10210839493407142,0.8666004869672987,0.7644920920332273,0.17006601691246037,0.8946743309497833,0.724608314037323,0.9662226637204488,0.37664307612511844,1.0,0.9580692814456092,0.2810461003747251,1.0,0.9759823812378777,0.593184212843577,1.0,0.9646163284778595,0.25569891515705323,0.05547006121940079,0.1828062434991201,0.056348213222291776,0.15884125894970358,0.051460821678241064,0.1755152801672618,0.0015655437691343699,-0.0008781520028909862,0.004009239541159726,0.004887391544050712,0.01562797394063742,0.023964984549416535,0.007290963331858302,-0.016674021217558233
V6,75,V6@75M,layer_5,5,1.0,1.0,0.9629629629629629,0.0942674714657995,0.8589787615670098,0.7647112901012103,0.16668848196665442,0.8943503459294637,0.7276618639628093,0.9592273533344269,0.4363174101820699,1.0,0.9412499732441373,0.3068912915057606,1.0,0.9711047179169126,0.6725340551800199,1.0,0.9653273688422309,0.3295268838604291,0.04639181602332332,0.1800505108303494,0.049738567653629495,0.15299908055199518,0.05069547659820983,0.17354380223486154,-0.0038252061025963457,-0.0033467516303061773,-0.004303660574886514,-0.0009569089445803369,0.016779069436921035,0.027051430278354216,0.006506708595487853,-0.020544721682866363
V6,75,V6@75M,layer_6,6,1.0,1.0,1.0,0.06945376710759277,0.8779035872883267,0.808449820180734,0.13693087630801737,0.8734374933772617,0.7365066170692444,0.9591545462608337,0.36680074712192573,1.0,0.9442744387520684,0.24017337833841643,1.0,0.9691684279176924,0.5836156921254264,1.0,0.9640207721127404,0.2766131709019343,0.0378682658076287,0.14487741125954523,0.03713382747438221,0.1261650032467312,0.037795131322410414,0.14050941202375633,0.0004037864092323873,0.0007344383332464899,7.31344852182847e-05,-0.0006613038480282052,0.01154020362430147,0.01871240801281404,0.0043679992357889,-0.014344408777025142
V6,75,V6@75M,final,7,1.0,1.0,1.0,0.06113876882526614,0.8981102738115523,0.8369715049862861,0.11721284124586318,0.8654651297463312,0.748252288500468,0.9547246407579494,0.3343892972226496,1.0,0.9359326495064629,0.21167135487000147,1.0,0.9673424959182739,0.5423382280601395,1.0,0.960898776849111,0.2491583087378078,0.03603161681029532,0.1274596836831834,0.03304510224196644,0.10675116380055749,0.033908847139941356,0.12053912613126971,0.0025546421193414215,0.0029865145683288796,0.0021227696703539634,-0.0008637448979749163,0.013814538717269786,0.020708519882625898,0.006920557551913675,-0.013787962330712222
V7,100,V7@100M,layer_1,1,1.0,1.0,1.0,0.10491093984908528,0.8529128001795875,0.7480018603305022,0.17708251873652137,0.8881803750991821,0.7110978563626608,0.9922375071931769,0.4211182906119912,1.0,0.9937856694062551,0.29402823083930546,1.0,0.9894909494453006,0.6648444980382919,1.0,0.9934359027279748,0.30448214295837617,0.06163187705808215,0.17281360758675468,0.058902740312947066,0.17372862365510733,0.05243794057104323,0.1815261622269948,0.005961536616087004,0.0027291367451350856,0.009193936487038923,0.006464799741903837,-0.004813785354296385,-0.0009150160683526476,-0.008712554640240122,-0.007797538571887475
V7,100,V7@100M,layer_2,2,1.0,1.0,0.9814814814814815,0.060463707231813046,0.9100354148281945,0.8495717075963815,0.14429051876068122,0.8772614161173503,0.7329708973566691,0.9870444414792238,0.4856750079327159,1.0,0.9756247997283936,0.29671285218662685,0.8333333333333334,0.9959446754720476,0.8243218014637629,1.0,0.9895638492372301,0.33599037014775807,0.03426273241639133,0.14346034791734485,0.03522778749465949,0.13926128745079036,0.029997707158327058,0.1501004967424604,0.001649985089898054,-0.0009650550782681622,0.00426502525806427,0.005230080336332432,-0.001220544179280525,0.004199060466554494,-0.006640148825115544,-0.010839209291670038
V7,100,V7@100M,layer_3,3,1.0,1.0,0.9814814814814815,0.09969110273652604,0.8610636923048232,0.7613725895682971,0.15069615774684486,0.8781492981645797,0.7274531404177348,0.974362830320994,0.53820699977654,1.0,0.9618978036774529,0.38355911191966796,1.0,0.9874640769428678,0.8348183780908585,1.0,0.9737266103426615,0.39624350931909347,0.05816399388843119,0.15757296946313637,0.05530587095353334,0.1442180587185754,0.049756637381182744,0.16524821056260008,0.005632739721073143,0.0028581229348978443,0.008407356507248442,0.005549233572350598,0.002839834822548626,0.013354910744560966,-0.007675241099463714,-0.02103015184402468
V7,100,V7@100M,layer_4,4,1.0,1.0,0.7222222222222222,0.10885242198904355,0.8439899136622747,0.7351374916732312,0.15258300370640232,0.8822771436638303,0.7296941399574279,0.9586401990166417,0.5441429496363358,1.0,0.9400581651263766,0.3894460184706582,1.0,0.9742618368731605,0.8329305118984647,1.0,0.9616005950503879,0.41005231853988433,0.05893484569258167,0.15238321820894873,0.06174607425928125,0.14928354554706147,0.055936451090706774,0.16026078131463795,9.358301758766174e-05,-0.002811228566699575,0.0029983946018748986,0.005809623168574474,-0.0023889452219009732,0.003099672661887265,-0.007877563105689211,-0.010977235767576476
V7,100,V7@100M,layer_5,5,1.0,1.0,0.7962962962962963,0.10422431454062453,0.8250163296858469,0.7207920151452224,0.1532330559359656,0.8799011674192216,0.726668111483256,0.9505201478799185,0.5498916771676805,1.0,0.9378648996353149,0.39744750989807975,1.0,0.966041730509864,0.866208361254798,1.0,0.9476538134945763,0.38601916035016376,0.056990627282195616,0.15388831562466088,0.056268908994065336,0.14829047719637556,0.05757100151644823,0.15981373058425052,7.06720269388339e-05,0.0007217182881302797,-0.0005803742342526119,-0.0013020925223828916,-0.00016378826565216498,0.005597838428285318,-0.005925414959589648,-0.011523253387874965
V7,100,V7@100M,layer_6,6,1.0,1.0,0.7407407407407407,0.0742538856135474,0.8601348714696037,0.7858809858560563,0.12695922056833897,0.8544544617335001,0.7274952411651612,0.9580192908092782,0.4820583269551948,1.0,0.9531021118164062,0.3495030386580361,1.0,0.964583588971032,0.7444595230950249,1.0,0.9563721716403961,0.3522124191125234,0.04131941323479016,0.1267842418617673,0.03598703071475029,0.13050678769747415,0.0420873713990052,0.13125612537066145,0.0022822121779124127,0.005332382520039869,-0.0007679581642150435,-0.006100340684254912,-0.004097214672300509,-0.0037225458357068586,-0.004471883508894159,-0.0007493376731873003
V7,100,V7@100M,final,7,1.0,1.0,0.7592592592592593,0.06251927730109952,0.8864739057090547,0.8239546284079552,0.11117500066757202,0.8458008368810018,0.7346258362134298,0.9542023120103059,0.4439526983985194,1.0,0.9443337917327881,0.30701475342114765,1.0,0.96475108133422,0.7043299244509803,1.0,0.9535220629639096,0.32051341732343036,0.03665287469824152,0.11163255174954734,0.031457988089985345,0.11481658021608987,0.03597361329529025,0.11483549608124632,0.0029370740056037237,0.005194886608256177,0.00067926140295127,-0.004515625205304907,-0.0031934863991207596,-0.0031840284665425322,-0.003202944331698987,-1.8915865156454714e-05
V7,110,V7@110M,layer_1,1,1.0,1.0,1.0,0.10694938583506486,0.8586746040317748,0.7517252181967099,0.17263185779253643,0.883476322889328,0.7108444650967916,0.989270814039089,0.40638307937317425,1.0,0.9906374083624946,0.2691672233243783,1.0,0.986882487932841,0.6593765219052633,1.0,0.9902925458219316,0.29060549288988113,0.062003419631057266,0.16792863276269698,0.061308861855003505,0.16872733566496112,0.05375140135486922,0.182244211435318,0.004473288026120903,0.0006945577760537613,0.008252018276188045,0.007557460500134283,-0.007557140787442573,-0.0007987029022641368,-0.01431557867262101,-0.013516875770356873
V7,110,V7@110M,layer_2,2,1.0,1.0,1.0,0.060015530967050146,0.9141570611132516,0.8541415301462014,0.1490193148454031,0.8810352623462677,0.7320159475008646,0.9870100153817072,0.47718731562296557,1.0,0.9761622614330716,0.2796165214644538,1.0,0.9959022700786591,0.8119692984554503,1.0,0.9889655146333907,0.33997612694899243,0.034116323292255335,0.146822006172604,0.035265727258390944,0.14508991109000313,0.029275415423843598,0.15820349852244053,0.0018457519511380638,-0.0011494039661356092,0.004840907868411737,0.005990311834547346,-0.004824698633617841,0.0017320950826008596,-0.011381492349836542,-0.013113587432437401
V7,110,V7@110M,layer_3,3,1.0,1.0,1.0,0.09478228547506862,0.86262256734901,0.7678402818739414,0.17404214739799495,0.8783858517805735,0.7043437043825785,0.9761398246994725,0.5089648658478702,1.0,0.9670534100797441,0.35660971452792484,1.0,0.9869297477934096,0.7816723220878177,1.0,0.9744363162252638,0.3886125609278679,0.05488426867458551,0.1802355236477322,0.05210995516843275,0.1681988398234049,0.045706883238421536,0.19156676001018946,0.005975849471158368,0.002774313506152759,0.009177385436163976,0.006403071930011217,0.00035272373093503395,0.012036683824327321,-0.011331236362457253,-0.023367920186784574
V7,110,V7@110M,layer_4,4,1.0,1.0,0.9814814814814815,0.11059259995818138,0.8461318810780843,0.735539281119903,0.1673859099547068,0.88331445256869,0.7159285426139832,0.9619338446193271,0.5135321352216933,1.0,0.9498470160696242,0.3715819898578856,1.0,0.9745699299706353,0.7693004194233153,1.0,0.9613845878177218,0.39971399638387894,0.06028486250175369,0.16928750806384607,0.06081633029712574,0.16600386897722874,0.054936325798431995,0.17498374515109594,0.00240853445397482,-0.0005314677953720537,0.0053485367033216935,0.005880004498693747,-0.0012062990003162688,0.0032836390866173293,-0.005696237087249867,-0.008979876173867196
V7,110,V7@110M,layer_5,5,1.0,1.0,0.9814814814814815,0.10797580505410831,0.8426376283168793,0.734661823262771,0.18093587756156915,0.8785109341144561,0.697575056552887,0.9509861060866603,0.5157638423972659,1.0,0.9431918230321672,0.37850456105338204,1.0,0.9639558229181502,0.7985558360815048,1.0,0.9458106723096635,0.37023113005691105,0.05864191419548459,0.18426009416580202,0.05651395337449172,0.17616300185521439,0.058006246470742706,0.187934136390686,0.0013818142728673766,0.002127960820992869,0.000635667724741884,-0.001492293096250985,0.002211525042851825,0.008097092310587639,-0.003674042224883989,-0.011771134535471628
V7,110,V7@110M,layer_6,6,1.0,1.0,0.9814814814814815,0.07507244058781204,0.8606282009018792,0.7855557603140672,0.15517250299453733,0.850183884302775,0.6950113813082377,0.9608605934513941,0.4568420121515239,1.0,0.9603774315781064,0.3318875837657187,1.0,0.9630680945184495,0.6818950441148546,1.0,0.959136254257626,0.35674340857399833,0.04134128606981702,0.15750796529981825,0.036707394156191064,0.15679738587803305,0.04014258790347314,0.1604971792962816,0.0029162950399849175,0.004633891913625954,0.0011986981663438812,-0.0034351937472820726,-0.00113931728733907,0.0007105794217852068,-0.002989213996463347,-0.0036997934182485537
V7,110,V7@110M,final,7,1.0,1.0,1.0,0.06756863353980913,0.8820123059882058,0.8144436724483967,0.1313440475198957,0.8360822949144575,0.7047382473945618,0.9573393298519983,0.4345445781946182,1.0,0.9525409506426917,0.30101030237144893,1.0,0.9634653197394477,0.66605976720651,1.0,0.9560117191738553,0.33656366500589585,0.039485805978377586,0.13447604775428768,0.034323060264190075,0.1335313598314921,0.036665010121133546,0.1367290523317125,0.003991770785715776,0.005162745714187511,0.0028207958572440406,-0.0023419498569434705,-0.0006541583273146356,0.0009446879227955618,-0.002253004577424833,-0.003197692500220395
V7,120,V7@120M,layer_1,1,1.0,1.0,0.9814814814814815,0.10526760568221405,0.8578706830739975,0.7526030773917834,0.19602882332271998,0.888093466228909,0.692064642906189,0.9899974531597562,0.3878823830573647,1.0,0.992676168680191,0.2671721585922771,1.0,0.9877802630265554,0.632972980539004,1.0,0.989535927772522,0.26350201004081303,0.06049247417185044,0.19521894918547744,0.06214611828327177,0.19247600105073714,0.05240336590343053,0.2039606253306071,0.0032177320784992913,-0.0016536441114213263,0.008089108268419909,0.009742752379841235,-0.0029993640051946824,0.0027429481347402973,-0.008741676145129662,-0.01148462427986996
V7,120,V7@120M,layer_2,2,1.0,1.0,0.9629629629629629,0.060997254235876874,0.9124377204312218,0.851440466195345,0.16642190615336105,0.8807373563448588,0.7143154501914978,0.9893877031626525,0.4832442148968026,1.0,0.9818489154179891,0.28558628178305095,1.0,0.995960060093138,0.8194755100541644,1.0,0.9903541339768304,0.3446708528531922,0.035011633071634574,0.16535741289456685,0.03624144800835183,0.16170702311727736,0.030227148036162,0.17525716225306198,0.0017773350493776596,-0.001229814936717255,0.004784485035472574,0.006014299972189829,-0.0031246797906028245,0.0036503897772894867,-0.009899749358495136,-0.013550139135784622
V7,120,V7@120M,layer_3,3,1.0,1.0,1.0,0.09328083478742177,0.8688003304931853,0.7755194957057635,0.19704125656021965,0.8785786065790389,0.6815373500188192,0.9781533910168542,0.509204187326961,1.0,0.9699802464909024,0.3488062595327695,1.0,0.9874833391772376,0.79891137778759,1.0,0.9769965873824226,0.3798949246605237,0.05486869853403842,0.20379489527808292,0.05287157719333968,0.19013076159689157,0.04590045395824638,0.2171812375386557,0.005482682958245388,0.0019971213406987376,0.00896824457579204,0.006971123235093302,0.0001388957103092836,0.013664133681191348,-0.013386342260572781,-0.02705047594176413
V7,120,V7@120M,layer_4,4,1.0,1.0,0.9259259259259259,0.09660503516594576,0.8582299401362737,0.761624904970328,0.18337019218338857,0.8779836687776778,0.6946134765942892,0.960352627215562,0.48742879871968864,1.0,0.9448284374343024,0.3481198913521237,1.0,0.976964275042216,0.7552323804961311,1.0,0.9592651691701677,0.35893412431081134,0.05264098768432934,0.18524955511093133,0.057134561240673065,0.17907044490178425,0.04945577805240953,0.19331438276502821,-0.0006541819622119527,-0.004493573556343722,0.0031852096319198164,0.007678783188263538,-0.0009428587224749041,0.006179110209147076,-0.008064827654096884,-0.01424393786324396
V7,120,V7@120M,layer_5,5,1.0,1.0,0.9814814814814815,0.09037016199694736,0.8549171404706107,0.7645469784736634,0.18208380672666769,0.8743920895788405,0.6923082828521728,0.950195555333738,0.5079316074649493,1.0,0.9376272625393338,0.3729027004705535,1.0,0.970274438460668,0.8171315044164658,1.0,0.9426849650012122,0.3337606175078286,0.05036202511853649,0.1808724655045404,0.05084466478890837,0.17330753538343646,0.0491221702761121,0.1924526896741655,0.0003786075860262583,-0.00048263967037187605,0.0012398548424243927,0.0017224945127962688,-0.002007647024260595,0.00756493012110393,-0.01158022416962512,-0.01914515429072905
V7,120,V7@120M,layer_6,6,1.0,1.0,0.9814814814814815,0.06443861540820861,0.8717223124371635,0.8072836970289549,0.15266191959381104,0.8567426522572835,0.7040807326634725,0.9572186635600195,0.4557981902250538,1.0,0.956480946805742,0.3414171213905017,1.0,0.9677405655384064,0.7138414416048262,1.0,0.9474344783359103,0.3121360076798333,0.03675329263011606,0.15531875888506574,0.033668122192223815,0.15310557749536302,0.03456179930104153,0.16164735092057125,0.0026383318834833913,0.0030851704378922484,0.002191493329074534,-0.0008936771088177142,-0.002057705322901393,0.002213181389702723,-0.006328592035505509,-0.008541773425208232
V7,120,V7@120M,final,7,1.0,1.0,0.9444444444444444,0.05827012418044941,0.8903077675236596,0.8320376433432102,0.13289560741848416,0.8434800770547655,0.7105844696362813,0.9521579069119913,0.42974810523015483,1.0,0.9445833762486776,0.30344046983453965,1.0,0.969281706545088,0.6933274649911456,1.0,0.9426086379422082,0.2924763808647792,0.035181004885170175,0.1358079671859741,0.03152596528331442,0.13298974434534705,0.03178366762068541,0.14179384046130705,0.003526188433170263,0.0036550396018557585,0.0033973372644847677,-0.0002577023373709908,-0.0015838252173529521,0.0028182228406270493,-0.0059858732753329535,-0.008804096115960003
V7,25,V7@25M,layer_1,1,1.0,1.0,1.0,0.07145537311832106,0.8677781820297241,0.7963228089114031,0.11612211267153427,0.9075369775295258,0.7914148648579915,0.9950833751095666,0.21369800199237132,1.0,0.9942010939121246,0.13788923455609214,1.0,0.9968315362930298,0.3727313155929248,0.8333333333333334,0.9942174951235453,0.13047345582809713,0.041354336920711665,0.11713267895910484,0.03884439857469657,0.11313894457287255,0.034982627878586414,0.11610271400875516,0.004440823694070173,0.002509938346015095,0.006371709042125251,0.003861770696110156,0.0025118496682909885,0.003993734386232295,0.0010299649503496822,-0.0029637694358826128
V7,25,V7@25M,layer_2,2,0.8333333333333334,1.0,0.8333333333333334,0.028425773398743748,0.9475178437100517,0.9190920703113079,0.09504802823066716,0.9102352718512218,0.8151872436205546,0.9881285760137771,0.22533349223710875,0.8333333333333334,0.9779507219791412,0.13505790589584243,1.0,0.9942711657947965,0.4179171298940976,0.8333333333333334,0.9921638402673933,0.12302544092138608,0.015355582783619592,0.09407467047373452,0.016595606588655,0.09201131065686541,0.013504047691822008,0.09603427449862156,0.0003057556433810893,-0.0012400238050354062,0.0018515350917975848,0.003091558896832991,5.187789599103709e-05,0.0020633598168691147,-0.0019596040248870406,-0.004022963841756155
V7,25,V7@25M,layer_3,3,1.0,1.0,0.9814814814814815,0.04718853930632272,0.9197839399178823,0.8725954006115596,0.15146986577245924,0.8969107104672326,0.7454408446947733,0.980534021501188,0.26758486474001847,1.0,0.966600219408671,0.16666397286785972,1.0,0.9896098872025808,0.47639432466692394,1.0,0.9853919578923119,0.1596962966852718,0.0257108923461703,0.1521796365578969,0.027179091175397185,0.1475832740465799,0.022126809755961152,0.15375083353784347,0.0010579418804911311,-0.0014681988292268855,0.0035840825902091478,0.005052281419436033,0.001512582765685222,0.004596362511317009,-0.0015711969799465653,-0.0061675594912635745
V7,25,V7@25M,layer_4,4,1.0,1.0,0.9444444444444444,0.0575425851676199,0.8997557097011142,0.8422131245334943,0.14545788897408385,0.8965929521454705,0.7511350631713867,0.9707386670289216,0.2859610853095849,1.0,0.9520988133218553,0.18221305103765595,1.0,0.982201122575336,0.48309043215380776,1.0,0.9779160651895735,0.19257977273729113,0.0306377790868283,0.14880464937951832,0.033960654917690514,0.14265936414400737,0.028308152572976253,0.14595058692826168,-0.0004966246585050849,-0.0033228758308622153,0.0023296265138520456,0.005652502344714261,0.004499673843383789,0.006145285235510944,0.0028540624512566337,-0.0032912227842543107
V7,25,V7@25M,layer_5,5,1.0,1.0,0.9259259259259259,0.07531054094433787,0.8404845048983892,0.7651739639540514,0.12874708771705634,0.8813061018784841,0.7525590141614278,0.9559680466298704,0.2986663159120966,1.0,0.9433559642897712,0.2043898039393955,1.0,0.9703219830989838,0.4793272837996483,1.0,0.9542261925008562,0.212281859997246,0.04001420380340681,0.1312668979167938,0.043506535059876006,0.12298595839076576,0.03808982595801347,0.1314717617299822,-0.0007839767055379254,-0.0034923312564691944,0.0019243778453933436,0.005416709101862538,0.004038037856419818,0.008280939526028042,-0.00020486381318840508,-0.008485803339216447
V7,25,V7@25M,layer_6,6,1.0,1.0,0.9444444444444444,0.06661124866869716,0.820037336813079,0.7534260881443818,0.13388311664263408,0.8775825083255768,0.7436993916829427,0.9571935137112936,0.2789614313730487,1.0,0.948659575647778,0.19509801103009117,1.0,0.9665522045559354,0.43121860341893303,1.0,0.9563687609301673,0.21056767967012194,0.0344941661589675,0.13513417707549202,0.03587706817520997,0.1336357732613881,0.03476267233490937,0.13510883715417654,-0.0008257040960921724,-0.001382902016242471,-0.00026850617594187387,0.0011143958403005971,0.0007618718677097069,0.0014984038141039324,2.5339921315481462e-05,-0.001473063892788451
V7,25,V7@25M,final,7,1.0,1.0,0.9444444444444444,0.05408402962817083,0.8591219716601901,0.8050379420320193,0.11762263642417059,0.8703459885385302,0.7527233521143596,0.9543683716544399,0.24119344188107383,1.0,0.9443386296431223,0.16565611958503723,1.0,0.9649870859252082,0.3770531862974167,1.0,0.953779399394989,0.1808710197607676,0.029044434593783475,0.11962715718481276,0.029402714719374945,0.11668617328008013,0.028966216825776603,0.11945618589719131,-0.0001400311787922992,-0.00035828012559147027,7.821776800687186e-05,0.0004364978935983421,0.0015559775961770383,0.0029409839047326303,0.00017097128762144642,-0.002770012617111184
V7,50,V7@50M,layer_1,1,1.0,1.0,1.0,0.09543180109726057,0.8654858337508308,0.7700540326535702,0.14043692151705423,0.8889431019624074,0.7485061804453532,0.9934051754298033,0.3847603367434607,1.0,0.993037309911516,0.29665017790264553,1.0,0.9935887058575948,0.6296319233046638,1.0,0.9935895105202993,0.227998909023073,0.05487634382314155,0.1431050638357798,0.05383241044150466,0.14195473988850904,0.04759180744489033,0.1436601943439907,0.004164234879944051,0.0010439333816368856,0.007284536378251216,0.006240602996614331,0.0002975967195299467,0.0011503239472707705,-0.0005551305082108771,-0.0017054544554816475
V7,50,V7@50M,layer_2,2,1.0,1.0,0.9074074074074074,0.04444881520337529,0.9384728637006547,0.8940240484972795,0.11149054831928673,0.8898543602890439,0.7783638119697571,0.9826538132296668,0.39769767555925584,1.0,0.9649454851945242,0.2675610010822614,1.0,0.9949440194500817,0.7337193654643165,1.0,0.9880719350443946,0.19181266013118956,0.024043196274174616,0.11229261159896853,0.026360955751604465,0.10816188123491066,0.021504653576347565,0.11540540522999243,0.00011039161019860133,-0.0023177594774298482,0.002538542697827051,0.004856302175256899,0.000508968366516982,0.004130730364057866,-0.0031127936310239024,-0.007243523995081769
V7,50,V7@50M,layer_3,3,1.0,1.0,1.0,0.08366529312398707,0.9031930036014981,0.819527710477511,0.13681334455808003,0.8769824723402659,0.7401691277821859,0.9749645833615904,0.4408345836456175,1.0,0.959328313668569,0.34880832996633315,1.0,0.9879268242253197,0.7355597499344084,1.0,0.9776386121908823,0.238135671036111,0.045881253563695545,0.14429406987296212,0.04862843371099901,0.13330270912912157,0.04030008696847487,0.1433312528663212,0.001416993223958607,-0.002747180147303463,0.005581166595220677,0.00832834674252414,0.0059770888752407325,0.01099136074384055,0.0009628170066409147,-0.010028543737199636
V7,50,V7@50M,layer_4,4,1.0,1.0,0.9814814814814815,0.08919840016298819,0.896035858326488,0.8068374581634998,0.17200202809439769,0.8812229103512235,0.7092208822568258,0.9617003069983587,0.43982421882726525,1.0,0.9406122664610544,0.34282802955971825,1.0,0.9762759308020273,0.7136036306619644,1.0,0.9682127237319946,0.2630409962601132,0.04780771657824512,0.18277045554584925,0.05190350852078862,0.16804749435848665,0.04495581015944483,0.17691509856118093,-0.0006219427618716078,-0.004095791942543503,0.0028519064188002874,0.00694769836134379,0.010289159086015465,0.014722961187362604,0.005855356984668325,-0.00886760420269428
V7,50,V7@50M,layer_5,5,1.0,1.0,1.0,0.09703265287809903,0.8398067189587487,0.7427740660806497,0.1471169498231676,0.8673792786068386,0.720262328783671,0.9486983948283726,0.4524715545552748,1.0,0.9387930466069115,0.3573971440394719,1.0,0.9655501246452332,0.7243720326158736,1.0,0.9417520132329729,0.275645487010479,0.053387264990144345,0.1544737610552046,0.05294613117973013,0.14128802286254039,0.051745212574799804,0.15034912427266434,0.0010415931128793798,0.0004411338104142182,0.0016420524153445415,0.0012009186049303233,0.008655187487602245,0.01318573819266422,0.00412463678254027,-0.00906110141012395
V7,50,V7@50M,layer_6,6,1.0,1.0,0.9814814814814815,0.07497874721884723,0.8395302246014277,0.7645514773825804,0.14138405852847624,0.8544133835368686,0.7130293250083923,0.9511777924166785,0.3875933308844213,1.0,0.9430657492743598,0.2940083121260007,1.0,0.9588781131638421,0.6019115348656973,1.0,0.9515895148118337,0.266860145661566,0.03935282760196257,0.14548312822977705,0.03862231953276529,0.14083683358298404,0.04056601466404064,0.14762050774362345,-0.00024133949644039587,0.0007305080691972776,-0.0012131870620780694,-0.001943695131275347,0.0012544575664732993,0.004646294646793003,-0.0021373795138464047,-0.006783674160639408
V7,50,V7@50M,final,7,1.0,1.0,0.9814814814814815,0.06404012383686175,0.8701387263006635,0.8060986024638017,0.12540330555703905,0.8471310900317298,0.7217277844746908,0.9476837813854218,0.34852475328026,1.0,0.9377859930197397,0.2601332581705517,1.0,0.9558812975883484,0.5477114907569356,1.0,0.9493840535481771,0.23772951091329256,0.035266231414344595,0.13085118201043877,0.03361775270766687,0.12475906875398424,0.03543387146459687,0.1316424032052358,0.0007404193282127269,0.0016484787066777251,-0.00016764005025227124,-0.0018161187569299964,0.002650446030828757,0.006092113256454534,-0.0007912211947970205,-0.006883334451251555
V7,75,V7@75M,layer_1,1,1.0,1.0,0.9814814814814815,0.11045750661028764,0.8632357749674056,0.7527782683571179,0.16215905812051568,0.8955527034070757,0.73339364528656,0.9926303603031017,0.41874410129255724,1.0,0.9939869874053531,0.3090626787808206,1.0,0.9910678499274783,0.6731695450014539,1.0,0.9928362435764737,0.2740000800953971,0.0648113597598341,0.15950142277611634,0.06261625587940212,0.16234685712390473,0.05535067096352575,0.16492769651942785,0.005827896338370164,0.002195103880431981,0.009460688796308347,0.007265584915876366,-0.004135854045549947,-0.0028454343477883892,-0.005426273743311505,-0.0025808393955231157
V7,75,V7@75M,layer_2,2,1.0,1.0,0.9814814814814815,0.05859330619374914,0.9201608300209045,0.8615675238271554,0.13444768190383904,0.8936435023943583,0.7591958204905193,0.9852521695472576,0.45885661630718794,1.0,0.9700261188877953,0.29402239951822495,1.0,0.9962672226958804,0.8090836753447851,1.0,0.989463167058097,0.27346377405855393,0.03301150732570224,0.13089742859204612,0.03352185669872498,0.13430883818202544,0.02869504814346635,0.13709059225188358,0.0019030549046065715,-0.0005103493730227449,0.004316459182235888,0.004826808555258633,-0.004802286624908392,-0.0034114095899793195,-0.006193163659837464,-0.0027817540698581444
V7,75,V7@75M,layer_3,3,1.0,1.0,1.0,0.0990357851816549,0.8749757293197844,0.7759399441381295,0.16460591289732196,0.8925489478641087,0.7279430349667867,0.979419085714552,0.5136556183850324,1.0,0.9697888924015893,0.3964408619536294,1.0,0.9897303746806251,0.8295024914873971,1.0,0.978737990061442,0.3150235017140706,0.05693394905991023,0.16754410730467906,0.05584050027860532,0.16361740231513977,0.04723148081037731,0.17420763373374937,0.00539795851541891,0.0010934487813049065,0.009702468249532914,0.008609019468228007,-0.0013684107197655115,0.003926704989539287,-0.00666352642907031,-0.010590231418609597
V7,75,V7@75M,layer_4,4,1.0,1.0,0.8518518518518519,0.09831697518626847,0.8720381955305735,0.773721220344305,0.18501904673046532,0.887210570441352,0.7021915237108867,0.970069702024813,0.5288486003323838,1.0,0.9568645225630866,0.42127181672387654,1.0,0.9802468948894076,0.8136978463994132,1.0,0.9730976886219449,0.35157613787386155,0.053136638717518836,0.18898930682076343,0.056257620039913414,0.18214112718900044,0.049700500816106774,0.18955440719922378,0.00015757828950874186,-0.003120981322394578,0.003436137901412062,0.00655711922380664,0.003141539626651313,0.006848179631762985,-0.0005651003784603592,-0.007413280010223344
V7,75,V7@75M,layer_5,5,1.0,1.0,1.0,0.09876993497212727,0.8576395163933436,0.7588695814212163,0.18560057149993048,0.8785078174538082,0.6929072459538778,0.9582137355098018,0.5622618940693361,1.0,0.9481242828898959,0.4530188466111819,1.0,0.9722564650906457,0.871614835328526,1.0,0.9542604585488638,0.36215200026830036,0.05231901920504045,0.19228084815873048,0.05373558161987202,0.17768080565664512,0.05496460828516214,0.18722217745251124,-0.0020310757474766294,-0.001416562414831568,-0.002645589080121691,-0.0012290266652901227,0.009829356604152295,0.014600042502085353,0.005058670706219237,-0.009541371795866116
V7,75,V7@75M,layer_6,6,1.0,1.0,1.0,0.07211931529972282,0.8768710924519433,0.8047517771522205,0.15753479533725312,0.8420155776871575,0.6844807823499044,0.9647009670734406,0.48825871916832747,1.0,0.9607915447817909,0.3858065928022067,1.0,0.9698720441924201,0.7365105781290266,1.0,0.9634393122461107,0.3424589865737491,0.03700719682706721,0.1637946208318074,0.03587183720535703,0.15395178596178694,0.039945834875106834,0.16096951166788742,-0.0009016392131647177,0.0011353596217101858,-0.0029386380480396213,-0.004073997669749807,0.006333972016970224,0.009842834870020467,0.002825109163919981,-0.007017725706100486
V7,75,V7@75M,final,7,1.0,1.0,1.0,0.06306889636649016,0.8984378808074527,0.8353689844409625,0.1359682069884406,0.8332117226388719,0.6972435156504313,0.9618777445069066,0.4470377569949185,1.0,0.9553880426618788,0.3439315872059928,1.0,0.9683642321162753,0.6858356098333994,1.0,0.9618809587425656,0.31134607394536334,0.034127985023789886,0.1436222904258304,0.032230355507797626,0.13268193205197654,0.03553414982226155,0.13878711793157783,0.00024573235876029775,0.0018976295159922607,-0.0014061647984716652,-0.003303794314463926,0.007887765434053229,0.010940358373853876,0.004835172494252582,-0.006105185879601294
V2,100,V2@100M,layer_1,1,1.0,1.0,0.9629629629629629,0.1107354865305954,0.8413937969340218,0.7306583104034264,0.19676749441358776,0.8801686578326755,0.6834011634190877,0.9727665285269419,0.2918059424393707,1.0,0.9759504066573249,0.1287698909226391,1.0,0.9806868135929108,0.6538528286748462,1.0,0.9616623653305901,0.09279510772062673,0.05242797310153646,0.2018497314718034,0.05517912705739347,0.18878872262107005,0.055430885652701045,0.20235492587089532,-0.0028770332535107968,-0.002751153955857011,-0.0030029125511645827,-0.00025175859530757183,0.0062779072258207225,0.013061008850733358,-0.0005051943990919128,-0.01356620324982527
V2,100,V2@100M,layer_2,2,1.0,1.0,0.9259259259259259,0.056926922086212306,0.9088355286253823,0.85190860653917,0.13748408489757113,0.869491230779224,0.7320071458816528,0.9629744765935121,0.28374547718299764,1.0,0.9597958359453413,0.11244459802077876,1.0,0.9905593329005771,0.6564649393161138,1.0,0.9385682609346178,0.08232689421210024,0.027541460759110015,0.14145924846331281,0.028659205966525603,0.13357924818992617,0.02861213361223547,0.14491671191321487,-0.001094209030270521,-0.001117745207415588,-0.001070672853125454,4.707235429013412e-05,0.0022112684117422954,0.007880000273386645,-0.003457463449902054,-0.011337463723288699
V2,100,V2@100M,layer_3,3,1.0,1.0,0.9629629629629629,0.09217204335663054,0.8739469084474776,0.781774865090847,0.1419555756780837,0.8689433985286289,0.7269878228505452,0.950368556711409,0.33167875875477437,1.0,0.9382914072937436,0.14046624302864075,1.0,0.9788539906342825,0.7273764709631602,1.0,0.9339602722062005,0.12719356227252218,0.04361622374918728,0.14262111783027653,0.04624685405029194,0.13209497862392006,0.04597977201143899,0.15288769404093416,-0.0024970892816781887,-0.002630630301104664,-0.0023635482622517134,0.00026708203885295045,0.00012978149784942383,0.010526139206356477,-0.01026657621065763,-0.020792715417014107
V2,100,V2@100M,layer_4,4,1.0,1.0,0.8888888888888888,0.10147309054931009,0.8578319897254308,0.7563588991761208,0.14230142500665455,0.8816098180082109,0.7393083930015564,0.9353625906838311,0.3471877608034346,1.0,0.9183835519684685,0.15165025285548633,1.0,0.96616816189554,0.7372127539581723,1.0,0.9215360581874847,0.15270027559664515,0.049513367646270345,0.14118949903382194,0.05099361058738505,0.12832241919305587,0.051427096294032304,0.15676185819837773,-0.0016969857944383326,-0.0014802429411147067,-0.0019137286477619586,-0.00043348570664725194,-0.001352639661894861,0.012867079840766071,-0.015572359164555793,-0.028439439005321865
V2,100,V2@100M,layer_5,5,1.0,1.0,0.9629629629629629,0.08132553001244869,0.8349639972050985,0.7536384671926498,0.11342957682079735,0.8655987289216783,0.752169152100881,0.9342077043321398,0.37099954623866965,1.0,0.9248546891742282,0.17428461213906607,1.0,0.9626627994908227,0.7694720261626773,1.0,0.9151056243313683,0.16924200041426551,0.040218306746747756,0.1112253559960259,0.04003853359156184,0.10301844808790417,0.04415790744953685,0.12155585553910997,-0.0018799137738015892,0.00017977315518591386,-0.003939600702789092,-0.004119373857975006,-0.0010617958174811704,0.00820690790812173,-0.01033049954308407,-0.0185374074512058
V2,100,V2@100M,layer_6,6,1.0,1.0,0.9444444444444444,0.07365203781260377,0.8287953519158893,0.7551433141032855,0.10233904520670567,0.8484575827916463,0.7461185375849406,0.939532706031093,0.4293536937071217,1.0,0.9252197941144308,0.1827397346496582,0.8333333333333334,0.9769992563459609,0.9279826995399263,1.0,0.9163790676328871,0.1773386469317807,0.036565563496616105,0.09653081364101834,0.03464864840110138,0.09858607119984086,0.04009853651126227,0.11247964964972601,-0.0008080289595657209,0.0019169150955147263,-0.003532973014646168,-0.005449888110160894,-0.009002046783765094,-0.002055257558822521,-0.015948836008707667,-0.013893578449885147
V2,100,V2@100M,final,7,1.0,1.0,0.9629629629629629,0.06378243871861033,0.8596998237901263,0.795917385071516,0.08480187124676175,0.8386994626786973,0.7538975914319356,0.9362408209730079,0.3891159267061286,1.0,0.920634902185864,0.1578808625539144,0.6666666666666666,0.9791680177052816,0.8571290738052793,1.0,0.9089195430278778,0.15233784375919235,0.03358796495530336,0.07892023457421204,0.031038559559318668,0.08154544764094884,0.035325485964616155,0.09494088225894504,0.00040594219333595083,0.002549405395984694,-0.0017375210093127924,-0.0042869264052974865,-0.009322930375734895,-0.002625213066736798,-0.01602064768473299,-0.013395434617996194
V2,110,V2@110M,layer_1,1,1.0,1.0,0.9814814814814815,0.11799488787849743,0.8432150632143021,0.7252201753358046,0.18592635658052237,0.8784097618526883,0.6924834052721659,0.9705580130771354,0.28240886779019125,1.0,0.9726233879725138,0.12755250020159614,1.0,0.9773764577176836,0.6211101942592197,1.0,0.9616741935412089,0.09856390890975793,0.056874922994110344,0.18509379559093053,0.05809888599647417,0.1801659120453728,0.05910564694139697,0.1940536008940803,-0.001727343474825227,-0.001223963002363826,-0.002230723947286628,-0.001006760944922802,-0.0020159608787960193,0.004927883545557732,-0.00895980530314977,-0.013887688848707502
V2,110,V2@110M,layer_2,2,1.0,1.0,0.9814814814814815,0.06107504442334177,0.9119611432154974,0.8508860987921556,0.13517253994941714,0.8761762082576752,0.741003668308258,0.9636351609671557,0.28536301133809266,1.0,0.9570111764801873,0.11311643819014232,1.0,0.991107530064053,0.6554760684569677,1.0,0.9427867763572269,0.08749652736716801,0.029754100408818984,0.13254426187939117,0.0306301831371254,0.1316911273532444,0.030633496989806552,0.14171572195159066,-0.0008777396546469918,-0.0008760827283064154,-0.0008793965809875681,-3.313852681152696e-06,-0.004159162773026359,0.0008531345261467704,-0.009171460072199489,-0.01002459459834626
V2,110,V2@110M,layer_3,3,1.0,1.0,0.9814814814814815,0.09795503144462903,0.878510465224584,0.780555433779955,0.16423783633444045,0.8701956424448225,0.7059578061103821,0.9452952367288096,0.34607404132408126,1.0,0.934757861826155,0.145224596063296,1.0,0.982862350013521,0.7730798737870322,1.0,0.9182654983467526,0.1199176541219155,0.04686650493078759,0.1579074660936992,0.04899944704439907,0.15637647310892744,0.04889252318276294,0.17653748790423074,-0.002079480182793414,-0.00213294211361148,-0.002026018251975348,0.00010692386163613232,-0.008549514412879877,0.001530992984771773,-0.018630021810531527,-0.0201610147953033
V2,110,V2@110M,layer_4,4,1.0,1.0,0.9259259259259259,0.11156060149272284,0.8514724671840668,0.7399118656913439,0.19269633226924465,0.8759795619381798,0.6832832296689352,0.9331468343734741,0.35877248451665594,1.0,0.9223600361082289,0.1581117245886061,0.8333333333333334,0.9698489507039388,0.7777873062425189,1.0,0.9072315163082547,0.14041842271884283,0.05521063233415291,0.19029139810138274,0.055883940060933446,0.1829432374901242,0.05583983436226836,0.2088761866092682,-0.0006512548774479932,-0.0006733077267805365,-0.0006292020281154498,4.4105698665086734e-05,-0.005618313948313469,0.007348160611258536,-0.018584788507885475,-0.02593294911914401
V2,110,V2@110M,layer_5,5,1.0,1.0,0.9629629629629629,0.10027181862129109,0.8323133869303597,0.7320415683090686,0.15136206083827553,0.8561426950825586,0.704780634244283,0.9187734391954209,0.3825336308391006,1.0,0.9073701666461097,0.17889904893106884,0.5,0.9601176149315305,0.8064756476216846,1.0,0.8888325360086229,0.16222619596454832,0.04931114191810293,0.15152389672067434,0.04774794727563858,0.1418706350856358,0.05152384042739877,0.16090635326173575,-0.0003247519334157456,0.0015631946424643495,-0.0022126985092958407,-0.00377589315176019,0.00013540254698857224,0.009653261635038546,-0.009382456541061401,-0.019035718176099947
V2,110,V2@110M,layer_6,6,1.0,1.0,0.9259259259259259,0.07899625889129114,0.8395539091693031,0.7605576502780119,0.11104338963826499,0.8382677396138509,0.7272243499755859,0.9228502048386468,0.4123689297724653,1.0,0.9031208289994134,0.164027351886034,1.0,0.9765220450030433,0.9197253104713228,1.0,0.8889077405134836,0.15335412696003914,0.03919485658407207,0.11085820065604324,0.0367910393410259,0.10865009890662303,0.041779168860779925,0.11993125279744477,-9.024751683084364e-05,0.002403817243046169,-0.0025843122767078563,-0.004988129519754025,-0.0034324751959906585,0.0022081017494202104,-0.009073052141401527,-0.011281153890821738
V2,110,V2@110M,final,7,1.0,1.0,0.9629629629629629,0.06972027379605505,0.866096748246087,0.7963764744500319,0.09075448115666707,0.824172580242157,0.7334180990854899,0.9177796399151837,0.37724411825614945,1.0,0.8968651625845168,0.14289216531647575,0.8333333333333334,0.9783535202344259,0.8558600180678897,1.0,0.8781202369266086,0.1329801713840829,0.03644234504964616,0.09036205940776398,0.03365512126021908,0.08886408276028102,0.03751558280653433,0.10024375650617812,0.0008569930162694583,0.0027872237894270846,-0.001073237756888168,-0.0038604615463152525,-0.004191860225465582,0.001497976647482968,-0.009881697098414133,-0.011379673745897101
V2,120,V2@120M,layer_1,1,1.0,1.0,1.0,0.11015641109810936,0.8433562980757819,0.7331998869776726,0.20665325257513256,0.8917281462086571,0.6850748936335246,0.9518032360959937,0.2743359780697911,1.0,0.9553150236606598,0.10906125563714239,1.0,0.9826872613694932,0.6382044851779938,1.0,0.9174074232578278,0.0757421933942371,0.05330438754624789,0.20979969832632273,0.05470990803506648,0.198877399497562,0.05456548829873398,0.20942020416259766,-0.0013333106206523393,-0.0014055204888185902,-0.0012611007524860884,0.00014441973633250171,0.0056508964962428965,0.010922298828760724,0.0003794941637250693,-0.010542804665035654
V2,120,V2@120M,layer_2,2,1.0,1.0,0.9814814814814815,0.05915966348515622,0.9079626417822309,0.8488029782970746,0.15044333007600574,0.8792958206600613,0.7288524905840555,0.951797440096184,0.28442500324712855,1.0,0.9475625190469954,0.10654142602450317,1.0,0.9910487466388278,0.6732088526089987,1.0,0.916781054602729,0.07352473110788399,0.028700486818949322,0.15110056863890753,0.030032656259006862,0.14514503015412228,0.029682683199644178,0.15594421294000416,-0.0011571829103761977,-0.0013321694400575401,-0.0009821963806948553,0.00034997305936268486,0.000555947091844311,0.00595553848478525,-0.004843644301096628,-0.010799182785881878
V2,120,V2@120M,layer_3,3,1.0,1.0,1.0,0.09232464085022607,0.884067083398501,0.791742442548275,0.17730909917089677,0.8897599928908878,0.712450893719991,0.9187583007194378,0.3322484562242473,1.0,0.8995646205213335,0.13258658473690352,1.0,0.9818185435401069,0.7610191769070096,1.0,0.8748917380968729,0.10313960702882873,0.044000462277068,0.1723844766616821,0.047207914872301915,0.1678397748205397,0.046540957109795666,0.18622660901811394,-0.002873973713980793,-0.0032074525952339172,-0.002540494832727669,0.0006669577625062484,-0.004648715257644709,0.004544701841142418,-0.013842132356431835,-0.018386834197574253
V2,120,V2@120M,layer_4,4,1.0,1.0,1.0,0.09894435885879727,0.8613340589735243,0.7623897001147271,0.19277792904112068,0.8868594898117913,0.6940815607706706,0.9303940545629571,0.34854137897491455,1.0,0.9078651799096001,0.15415422659781244,1.0,0.9718710084756216,0.7419991426997714,1.0,0.9114459753036499,0.14947076762715975,0.047905472086535617,0.18938100536664326,0.05088748708367341,0.18110485871632886,0.05042115069097952,0.20535500844319665,-0.0027488468007908495,-0.002982014997137794,-0.002515678604443905,0.00046633639269388905,-0.0038489282131194957,0.008276146650314398,-0.01597400307655339,-0.024250149726867787
V2,120,V2@120M,layer_5,5,1.0,1.0,1.0,0.09157471838924625,0.8268928113910887,0.7353180930018425,0.16246199409166973,0.8722393771012624,0.7097773830095927,0.9278971806720451,0.3880597460601065,1.0,0.910477833615409,0.17889933784802756,0.8333333333333334,0.9637006587452359,0.8098862949344847,1.0,0.9095130496554904,0.17539360539780724,0.04328351534075203,0.16483198735449056,0.045878745532698106,0.1524052626556821,0.04744094875123772,0.1702743722332849,-0.0033763318012158816,-0.002595230191946074,-0.004157433410485689,-0.001562203218539615,0.003492169910007059,0.012426724698808456,-0.005442384878794337,-0.017869109577602793
V2,120,V2@120M,layer_6,6,1.0,1.0,0.9814814814814815,0.060974269194735475,0.8324005040857527,0.7714262348910172,0.1452930099434323,0.8599204507138994,0.7146274407704671,0.9312224233591998,0.41286047879192567,1.0,0.9128292037381066,0.1715525703297721,0.8333333333333334,0.9768041570981344,0.8999977078702714,1.0,0.9040339092413584,0.16703115817573336,0.029065723799996834,0.14699032571580672,0.03018408260411687,0.14204155802726748,0.032167651007572795,0.15389747420946753,-0.0021101430058479975,-0.0011183588041200343,-0.0031019272075759607,-0.0019835684034559264,-0.0009791904025607812,0.004948767688539246,-0.0069071484936608085,-0.011855916182200055
V2,120,V2@120M,final,7,1.0,1.0,1.0,0.05618568170401783,0.8610605084233813,0.8048748267193635,0.12014017502466834,0.8459141810735067,0.7257740060488383,0.9302664399147034,0.38000336758516456,1.0,0.9113667805989584,0.15156325490938294,0.6666666666666666,0.9780143532488081,0.8410182860162523,1.0,0.9014181858963437,0.14742856182985836,0.028172023759947873,0.1225705100430382,0.028787344776921797,0.11674525737762442,0.03002110239532263,0.12918971180915828,-0.0012321998261743405,-0.0006153210169739243,-0.0018490786353747568,-0.0012337576184008325,-0.0003969745503531463,0.005825252665413783,-0.006619201766120075,-0.012444454431533858
V2,25,V2@25M,layer_1,1,0.8333333333333334,1.0,1.0,0.08341526397400434,0.857592417134179,0.7741771531601747,0.12794978419939684,0.9115858614444733,0.7836360772450764,0.9852433337105645,0.19657395924958918,0.8333333333333334,0.9910430411497752,0.1035554791904158,0.8333333333333334,0.9889311028851403,0.41291313038931954,0.8333333333333334,0.975755857096778,0.0732532681690322,0.048779602928294086,0.13535313937399118,0.04356152903702526,0.128815006547504,0.04148970271150276,0.12721074952019584,0.006253987054030075,0.005218073891268826,0.007289900216791323,0.0020718263255224967,0.007340261340141263,0.006538132826487186,0.00814238985379534,0.0016042570273081536
V2,25,V2@25M,layer_2,2,0.8333333333333334,1.0,0.9074074074074074,0.030692975140280132,0.9455353286531236,0.9148423535128435,0.10480691393216446,0.9176945706208547,0.8128876566886902,0.9833607143825955,0.22584785341664596,0.8333333333333334,0.981248613860872,0.13732668426301745,0.8333333333333334,0.9958718452188704,0.45805833902623916,0.8333333333333334,0.9729616840680441,0.08215853696068127,0.017446159074703815,0.1110275811619229,0.0170065879821778,0.10373005800777013,0.01516100888450933,0.105235446161694,0.0013623606413602496,0.00043957109252601434,0.002285150190194485,0.0018455790976684705,0.006544829077190839,0.007297523154152774,0.005792135000228904,-0.00150538815392387
V2,25,V2@25M,layer_3,3,1.0,1.0,0.9814814814814815,0.053006512092219515,0.9177591717905469,0.8647526596983274,0.15804895758628845,0.9007329086462657,0.7426839510599772,0.9553281609658842,0.2422107216660623,1.0,0.9500449995199839,0.1437149772213565,1.0,0.9890317089027829,0.49314191192388535,1.0,0.9269077744748857,0.08977527585294512,0.03015786119633246,0.1643785814444224,0.029843433615234227,0.1573729442225562,0.025744997296068384,0.15852714710765425,0.002363645740681153,0.0003144275810982311,0.004412863900264075,0.0040984363191658435,0.006428535779317179,0.007005637221866201,0.005851434336768158,-0.0011542028850980435
V2,25,V2@25M,layer_4,4,1.0,1.0,0.9629629629629629,0.0637123586403,0.8966390109724469,0.8329266523321469,0.14259968135091994,0.8992440614435407,0.7566443800926208,0.9407994118001725,0.24109932725076322,1.0,0.9350374870830112,0.1359002511534426,1.0,0.98506474826071,0.4955311997069253,1.0,0.9022960000567966,0.09186653089192179,0.03599808431333973,0.14969786670472884,0.03624886034263497,0.14256860415140793,0.03170434625612362,0.14552421768506374,0.0020214810139604356,-0.000250776029295241,0.004293738057216112,0.004544514086511353,0.005651455786493009,0.007129262553320914,0.004173649019665104,-0.00295561353365581
V2,25,V2@25M,layer_5,5,1.0,1.0,0.8703703703703703,0.07100726630952625,0.8257768617735969,0.7547695954640706,0.10246980521414006,0.8832308246029748,0.7807610193888347,0.9391828400117378,0.252116652895455,1.0,0.9337063100602891,0.1414590258565214,0.8333333333333334,0.9747590257061852,0.5054343036479421,1.0,0.9090831842687395,0.10945662918190162,0.0416190710332659,0.10689653224415252,0.04087609673539794,0.10373149646653068,0.036441413644287324,0.10396751960118611,0.002960315843423267,0.0007429742978679599,0.005177657388978574,0.004434683091110614,0.0030470242102941247,0.0031650357776218385,0.002929012642966411,-0.00023602313465542757
V2,25,V2@25M,layer_6,6,1.0,1.0,0.8333333333333334,0.060657620429992676,0.802198588848114,0.7415409684181213,0.125377975569831,0.8946207390891181,0.7692427635192871,0.9155544760050597,0.23773635475447885,1.0,0.8910365932517581,0.1080916461845239,1.0,0.9725340207417806,0.5063574554191695,1.0,0.8830928140216403,0.0987599626597431,0.03372803562217286,0.12836340798272017,0.032096365011400674,0.1273710072040558,0.03139729094174171,0.1301964541276296,0.001981207645601668,0.0016316706107721846,0.0023307446804311516,0.000699074069658967,-0.0004203226831225315,0.0009924007786643596,-0.0018330461449094226,-0.0028254469235737822
V2,25,V2@25M,final,7,1.0,1.0,0.8518518518518519,0.04905783302254152,0.8469839609331555,0.797926127910614,0.11036316951115932,0.8880593419075012,0.7776961723963419,0.9101993927249202,0.2056981599717229,1.0,0.8848110271824731,0.09097795333299372,1.0,0.9725626839531792,0.4432014632556174,1.0,0.8732244670391083,0.08291506332655747,0.029249007751544265,0.11407584879133437,0.025855913427140997,0.11195778383149035,0.026121786319547202,0.11543428964085056,0.003260157878200165,0.0033930943244032674,0.0031272214319970626,-0.0002658728924062048,0.00037981205516390837,0.0021180649598440127,-0.001358440849516196,-0.0034765058093602086
V2,50,V2@50M,layer_1,1,1.0,1.0,1.0,0.11361148779590924,0.8579150090614954,0.7443035212655862,0.1549938685364194,0.879429797993766,0.7244359294573466,0.9845292137728796,0.32841153208304336,1.0,0.9906816482543945,0.19332513958215714,1.0,0.9785008298026191,0.6469347029924393,1.0,0.9844051632616255,0.14497475367453364,0.05819192470775714,0.1647648685508304,0.058568859679831387,0.1545729524559445,0.05678885852297144,0.1562349915504455,0.0005130656063557226,-0.00037693497207424986,0.0014030661847856951,0.001780001156859945,0.009360896547635389,0.0101919160948859,0.008529877000384878,-0.0016620390945010222
V2,50,V2@50M,layer_2,2,1.0,1.0,0.9814814814814815,0.049417192488908745,0.9337072024742762,0.8842900099853674,0.1121017032199435,0.8805214338832431,0.7684197306632996,0.9830082224475013,0.29536321262518567,1.0,0.9824713601006402,0.1700652510755592,1.0,0.9949562251567841,0.6168654610713323,1.0,0.9715970820850797,0.09915892572866546,0.024983208460940265,0.12065277232064142,0.026271756655640077,0.11076292196909587,0.024145694904857185,0.1158573899004195,-0.00022551731930836594,-0.0012885481946998123,0.0008375135560830804,0.0021260617507828927,0.007342616385883738,0.009889850351545548,0.0047953824202219275,-0.005094467931323621
V2,50,V2@50M,layer_3,3,1.0,1.0,1.0,0.08281275671389376,0.901293910211987,0.8184811534980933,0.1422633892960019,0.8605740275647905,0.7183106382687886,0.9615764761412585,0.31429357971582145,1.0,0.9525477555063036,0.1733468501932091,0.8333333333333334,0.9883959690729777,0.6543990456395679,1.0,0.9437857038444943,0.11513484331468742,0.04157525251309069,0.14870833555857343,0.043582163751125336,0.1411194596025679,0.03996613522370651,0.14755553404490152,-0.00019889697432523556,-0.0020069112380346477,0.0016091172893841765,0.003616028527418824,0.004370838734838733,0.007588875956005547,0.0011528015136719194,-0.006436074442333628
V2,50,V2@50M,layer_4,4,1.0,1.0,0.9814814814814815,0.0830718371603224,0.8917169007990096,0.8086450636386872,0.14318297041787043,0.8679428829087151,0.7247599124908447,0.961057542650788,0.3180353884343748,1.0,0.9485257532861497,0.16303146216604444,1.0,0.9821430411603715,0.655493923359447,1.0,0.9525038335058424,0.13558077977763283,0.041935721205340504,0.14948894845114813,0.043090297116173626,0.1408235059844123,0.04129315780268783,0.15302943057484097,-0.00025600625409022415,-0.0011545759108331222,0.0006425634026526739,0.001797139313485796,0.0025624801715214973,0.00866544246673584,-0.003540482123692845,-0.012205924590428685
V2,50,V2@50M,layer_5,5,1.0,1.0,1.0,0.09153959403435386,0.8315734366575877,0.7400338426232338,0.1057452744907803,0.8440765526559618,0.7383312781651815,0.9528464851556001,0.34428891953494817,1.0,0.9389763110213809,0.1683863111668163,0.8333333333333334,0.9726763135857053,0.6975614229838053,1.0,0.946886830859714,0.1669190244542228,0.04686720743775363,0.109317151705424,0.047666471782657815,0.10554367701212564,0.04863647744059563,0.1091220710012647,-0.0012842671738730882,-0.0007992643449041825,-0.0017692700028419939,-0.0009700056579378113,0.0019842776987288313,0.003773474693298362,0.00019508070415930057,-0.0035783939891390615
V2,50,V2@50M,layer_6,6,1.0,1.0,1.0,0.07358377004663152,0.8137454837560654,0.7401617137094338,0.12405259542995029,0.857122579548094,0.7330699841181437,0.9399109394462021,0.3408180420735368,1.0,0.9098018308480581,0.139783867324392,1.0,0.9760169155067868,0.7223487397034963,1.0,0.9339140719837613,0.1603215191927221,0.03770548461212042,0.12044130298826428,0.03636600755982933,0.12781526711252,0.039376842230558484,0.13308874766031897,-0.00016594028307348463,0.0013394770522910937,-0.001671357618438063,-0.0030108346707291567,-0.010010704398155212,-0.0073739641242557274,-0.012647444672054697,-0.00527348054779897
V2,50,V2@50M,final,7,1.0,1.0,1.0,0.06264476800958318,0.8498942404985428,0.7872494724889596,0.10374445186720949,0.847662032312817,0.7439175804456075,0.9369302414081715,0.2998038395135491,1.0,0.9039180411232842,0.11929830329285727,0.8333333333333334,0.976822187503179,0.6422637783818774,1.0,0.9300504955980513,0.13784943686591256,0.03441902407341524,0.10071220795313507,0.03114769384264937,0.10717039571868048,0.03426790345046249,0.11269919210010104,0.0017112254268593086,0.0032713302307658676,0.00015112062295274953,-0.003120209607813118,-0.009222585956255691,-0.006458187765545409,-0.011986984146965973,-0.005528796381420564
V2,75,V2@75M,layer_1,1,1.0,1.0,0.9629629629629629,0.11475297891431391,0.8543912205431197,0.7396382416288058,0.17846404181586362,0.8865920927789476,0.708128050963084,0.9776289054641017,0.3187416985079094,1.0,0.9834084775712755,0.17466570229993927,1.0,0.9832818508148193,0.6689495676093631,1.0,0.9661963880062103,0.11260982561442587,0.05623717697130304,0.1814159850279491,0.05920890387561584,0.17224043541484402,0.0564212366110749,0.18216076427035854,-0.00157789327204233,-0.002971726904312799,-0.0001840596397718608,0.0027876672645409384,0.004215385185347809,0.009175549613105072,-0.0007447792424094546,-0.009920328855514526
V2,75,V2@75M,layer_2,2,1.0,1.0,0.9444444444444444,0.05372914779517379,0.9275232636266284,0.8737941158314546,0.13089454770088194,0.8843255420525868,0.7534309943517049,0.9741530495661276,0.31252892812093097,1.0,0.9743387699127197,0.15706396392650074,1.0,0.9954062104225159,0.6901756723721822,1.0,0.9527141683631473,0.09034714806411001,0.02633871601687543,0.13180109196239043,0.028110692898432377,0.12640505101945665,0.026624800595972276,0.13531763354937232,-0.0010290307303268964,-0.001771976881556947,-0.0002860845790968458,0.0014858923024601012,0.0009397496779759429,0.0053960409429337775,-0.0035165415869818917,-0.008912582529915669
V2,75,V2@75M,layer_3,3,1.0,1.0,0.9444444444444444,0.0919768363237381,0.8976975282033285,0.8057206918795904,0.14338194926579784,0.8902196725209554,0.7468377232551575,0.9569166490325222,0.3393657121255442,1.0,0.9486308660772111,0.1637565547393428,1.0,0.9875769052240584,0.7420322464572059,1.0,0.9345421757962968,0.11230833518008392,0.044515213949812726,0.1442732400364346,0.04838125573264229,0.13492448594835071,0.04486655882663204,0.1482423510816362,-0.0021086933298244404,-0.0038660417828295657,-0.00035134487681931503,0.0035146969060102506,0.002689821521441149,0.009348754088083888,-0.00396911104520159,-0.013317865133285478
V2,75,V2@75M,layer_4,4,1.0,1.0,0.9259259259259259,0.09232277431421809,0.8779992444647683,0.7856764701505502,0.1527623905075921,0.8935759796036614,0.7408135890960693,0.9514232929106111,0.3539262732697857,1.0,0.9425241053104401,0.160060732314984,1.0,0.9825154542922974,0.7747839060094621,1.0,0.9292303191290961,0.12693418148491117,0.04512283793754057,0.15728774799240963,0.04833695491154988,0.14228831463389924,0.04606977610124485,0.16034489538934493,-0.0020805275688567937,-0.0032141169740093067,-0.0009469381637042806,0.002267178810305026,0.005971142980787547,0.014999433358510394,-0.0030571473969353002,-0.018056580755445695
V2,75,V2@75M,layer_5,5,1.0,1.0,1.0,0.09414192653364606,0.8512872325049506,0.7571453059713046,0.16159243649906585,0.8737358536985186,0.7121434171994527,0.9338466900366326,0.3650127679661468,1.0,0.9190308915244209,0.16787900775671005,1.0,0.9716694388124678,0.7797629965676202,1.0,0.9108397397730086,0.14739629957411024,0.04546863759557407,0.16511417958471508,0.047486746311187766,0.1584722816944123,0.04837181294957804,0.16327221128675673,-0.0024606420348088354,-0.002018108715613698,-0.002903175354003973,-0.000885066638390275,0.004241933094130568,0.006641897890302784,0.0018419682979583518,-0.004799929592344432
V2,75,V2@75M,layer_6,6,1.0,1.0,0.9444444444444444,0.07511422650681598,0.8504465487268236,0.7753323222200076,0.142667050494088,0.8584677808814578,0.7158007303873698,0.9412642033011825,0.3923934427676377,1.0,0.923277970817354,0.15854139708810383,1.0,0.9828818904028999,0.8688590857717726,1.0,0.9176327486832937,0.14977984544303682,0.03610135217507682,0.14416962199740935,0.036264629827605366,0.14413307375378082,0.03967434797022085,0.14644218815697563,-0.001868136723836289,-0.00016327765252854842,-0.0035729957951440294,-0.003409718142615481,-0.0011180089579688746,3.6548243628531374e-05,-0.0022725661595662805,-0.002309114403194812
V2,75,V2@75M,final,7,1.0,1.0,0.9444444444444444,0.06679403094781766,0.8754885478152169,0.8086945168673992,0.12246989475356207,0.8480086611376868,0.7255387663841247,0.9394783499064269,0.35476175385216874,1.0,0.9213944839106666,0.1401510230369038,0.6666666666666666,0.9830741584300995,0.7922404938273959,1.0,0.9139664073785146,0.13189374469220638,0.034244572454028566,0.12504707707299123,0.032910895430379505,0.12398780584335323,0.03594713492525947,0.12625870505968728,-0.00018444272379092297,0.0013336770236490603,-0.0017025624712309062,-0.0030362394948799665,-7.617837852902376e-05,0.0010592712296380036,-0.001211627986696051,-0.0022708992163340547
V3,100,V3@100M,layer_1,1,1.0,1.0,0.9629629629629629,0.1130681888924705,0.8378768182463117,0.7248086293538412,0.20296089914109972,0.877522435453203,0.6745615363121032,0.9732773999373118,0.3968594230849434,1.0,0.9732652670807309,0.16647200907270113,0.8333333333333334,0.9725504550668929,0.8565754377179675,1.0,0.9740164776643118,0.16753082246416146,0.05689546730783257,0.19712249239285784,0.06616000731786087,0.19267283015780978,0.055854548431105155,0.21546758015950518,-0.004111810566650442,-0.0092645400100283,0.0010409188767274147,0.010305458886755714,-0.006947712765799641,0.0044496622350480575,-0.01834508776664734,-0.022794750001695396
V3,100,V3@100M,layer_2,2,1.0,1.0,0.9259259259259259,0.061145931316746505,0.9075022720628314,0.8463563407460849,0.15204172333081567,0.8646636029084523,0.7126218795776367,0.9786991874376932,0.38459838195531465,1.0,0.9745063583056132,0.15378888903392685,1.0,0.991312262084749,0.857211074895329,1.0,0.9702789419227176,0.1427951819366879,0.030163451449738643,0.1481520619657305,0.036335658613178445,0.14074983265664842,0.030163754853937408,0.16074844598770144,-0.0030862552838192836,-0.006172207163439802,-3.0340419876484503e-07,0.0061719037592410375,-0.0025970773564444327,0.007402229309082076,-0.012596384021970941,-0.019998613331053017
V3,100,V3@100M,layer_3,3,1.0,1.0,1.0,0.09215762996011312,0.882109585735533,0.7899519557754199,0.15457919504907391,0.8726002858744727,0.7180210908253988,0.9653978943824768,0.41056442233147444,1.0,0.9540252519978417,0.16971920430660248,0.8333333333333334,0.9790224068694644,0.8654546423090829,1.0,0.9631460242801242,0.19651942037873799,0.04668020837836795,0.1550453828440772,0.051661145024829436,0.14514446854591379,0.04536888367599912,0.16805097791883683,-0.0018348059720463272,-0.004980936646461487,0.0013113247023688324,0.006292261348830319,-0.0015523403882981013,0.009900914298163421,-0.013005595074759624,-0.022906509372923045
V3,100,V3@100M,layer_4,4,1.0,1.0,1.0,0.08796347694264517,0.8672063019540575,0.7792428250114123,0.17881905105378892,0.873042967584398,0.6942239165306091,0.9605215379485378,0.4295258243326787,1.0,0.9493568440278372,0.2055314104590151,1.0,0.9701138370566897,0.8233781142367257,1.0,0.9620939327610863,0.25966794830229545,0.04411488986677592,0.18302287724283006,0.051206326319111706,0.1755188167095184,0.04322403478953574,0.19572996497154227,-0.003100290687547802,-0.0070914364523357865,0.0008908550772401824,0.007982291529575969,-0.002601513597700278,0.007504060533311652,-0.012707087728712207,-0.02021114826202386
V3,100,V3@100M,layer_5,5,1.0,1.0,1.0,0.08723878562450416,0.8419417341550192,0.754702948530515,0.1397198485003578,0.8746428019470639,0.7349229534467061,0.9525487621625265,0.4663052074611187,1.0,0.9381329682138231,0.23193751896421114,1.0,0.967374238702986,0.8766686717669169,1.0,0.9521390795707703,0.29030943165222806,0.044693676879008604,0.14151231712765167,0.04922292820281449,0.14036593172285294,0.04645539182755687,0.1468276494079166,-0.003145483136177074,-0.004529251323805883,-0.0017617149485482653,0.0027675363752576176,-0.002084473437733103,0.001146385404798722,-0.005315332280264928,-0.00646171768506365
V3,100,V3@100M,layer_6,6,1.0,1.0,1.0,0.07042749995986619,0.8647388418515524,0.7943113418916862,0.11887486179669693,0.8576525191466013,0.7387776573499044,0.9531548144640746,0.4384309050661546,1.0,0.9391871392726898,0.21687782307465872,1.0,0.9708450271023644,0.832192266980807,1.0,0.9494322770171695,0.26622262514299816,0.03615034222602842,0.1196820384926266,0.03649108567171622,0.12038414743211534,0.03727669244011245,0.12765262060695226,-0.0007335468298859116,-0.0003407434456877967,-0.0011263502140840265,-0.0007856067683962298,-0.004336345526907204,-0.0007021089394887436,-0.007970582114325664,-0.00726847317483692
V3,100,V3@100M,final,7,1.0,1.0,1.0,0.062280650768015144,0.8855657908651564,0.8232851400971413,0.10676954521073245,0.8507142020596399,0.7439446568489074,0.953436584384353,0.4118947799283046,1.0,0.9369384182824029,0.19686862205465636,1.0,0.974394162495931,0.794143385357327,1.0,0.9489771723747253,0.24467233237293032,0.03348754280143318,0.10791961020893526,0.0329979027311007,0.10797369413905678,0.033599024266004585,0.11536790264977359,0.00018907930288053487,0.0004896400703324755,-0.00011148146457140573,-0.0006011215349038812,-0.0037511881854799256,-5.408393012151791e-05,-0.007448292440838333,-0.007394208510716815
V3,110,V3@110M,layer_1,1,1.0,1.0,0.9259259259259259,0.11496308934357435,0.8365267134375043,0.7215636240939299,0.16920791533258217,0.8645589358276791,0.6953510204950969,0.9753757527580967,0.4055393714871672,1.0,0.9706295629342397,0.14729698354171383,0.8333333333333334,0.9766679306825002,0.9100666840871176,1.0,0.9788297646575503,0.1592544468326701,0.05596115464965501,0.1613860620392693,0.0672176145017147,0.15628768338097465,0.05651872961057558,0.18227059907383392,-0.005907017406490134,-0.011256459852059697,-0.0005575749609205705,0.010698884891139127,-0.007893079188134977,0.0050983786582946555,-0.02088453703456461,-0.025982915692859265
V3,110,V3@110M,layer_2,2,1.0,1.0,0.9444444444444444,0.0619764186441899,0.9051380505164465,0.8431616318722566,0.1345688071515826,0.862128715382682,0.7275599082310994,0.9763378202915192,0.4039105760554473,1.0,0.968718022108078,0.13947002982927692,0.8333333333333334,0.9914163384172652,0.9307880053917567,1.0,0.9688791003492143,0.14147369294530815,0.02995130833652282,0.12777107291751444,0.03753908160660002,0.12374240756034849,0.029962569723526622,0.14498478041754825,-0.0037995173285405026,-0.007587773270077203,-1.1261387003802525e-05,0.0075765118830734,-0.006592521071433932,0.00402866535716595,-0.017213707500033815,-0.021242372857199765
V3,110,V3@110M,layer_3,3,1.0,1.0,0.9259259259259259,0.09028613128595875,0.8542090737157397,0.763922942429781,0.14939994348420038,0.8825874401463403,0.7331874966621399,0.9647762974103292,0.42761076807423876,1.0,0.9510687655872769,0.1628747313386864,0.8333333333333334,0.9796455436282687,0.929006490442488,1.0,0.9636145830154419,0.19095108244154188,0.04393402843011751,0.1447065624925825,0.05187523149781759,0.14195313652356456,0.04258715684215231,0.16397985816001892,-0.003297165739867436,-0.007941203067700076,0.0013468715879652038,0.00928807465566528,-0.008259934849209227,0.002753425969017953,-0.019273295667436408,-0.02202672163645436
V3,110,V3@110M,layer_4,4,1.0,1.0,0.9259259259259259,0.10152608106533678,0.8340976337591807,0.7325715526938439,0.16300019820531209,0.8788146138191223,0.7158144156138102,0.9578239774262464,0.45376601497884156,1.0,0.9442243211799197,0.20757945254445076,0.8333333333333334,0.9660722414652506,0.8877603477901883,1.0,0.9631753696335686,0.2659582446018855,0.049183785501453636,0.15944098896450465,0.05967907781402271,0.1590677513016594,0.04953336624635585,0.18342816498544479,-0.005422436528735641,-0.010495292312569071,-0.00034958074490221147,0.01014571156766686,-0.011806969179047444,0.0003732376628452494,-0.023987176020940137,-0.024360413683785387
V3,110,V3@110M,layer_5,5,1.0,1.0,0.8703703703703703,0.09540012809965348,0.8079121245278252,0.7125119964281718,0.14683381915092475,0.8688120742638906,0.7219782551129659,0.947623751781605,0.4778413318649486,1.0,0.92739247613483,0.22201955856548417,0.6666666666666666,0.963198184967041,0.9289661662446128,1.0,0.9522805942429436,0.2825382707847489,0.047106740292575555,0.14244282378090745,0.05385998321904084,0.1499738097190857,0.048327420817481204,0.15878864725430808,-0.003986961725685467,-0.006753242926465286,-0.0012206805249056485,0.0055325624015596375,-0.01193840470578944,-0.007530985938178247,-0.016345823473400634,-0.008814837535222386
V3,110,V3@110M,layer_6,6,1.0,1.0,0.8148148148148148,0.06362036599053267,0.8611962132983737,0.797575847307841,0.13706891867849558,0.8562201374106937,0.7191512187321981,0.9514063409081212,0.4230048668881257,1.0,0.9344594015015496,0.1904324914018313,0.6666666666666666,0.972341818941964,0.8422911763191223,1.0,0.9474178022808499,0.2362909329434236,0.03190631816784539,0.1363791108131408,0.033265245954195666,0.13806055850452847,0.032967465536462015,0.14888907008700902,-0.001210037577483447,-0.0013589277863502724,-0.0010611473686166217,0.0002977804177336507,-0.007095703482627946,-0.001681447691387672,-0.01250995927386822,-0.010828511582480549
V3,110,V3@110M,final,7,1.0,1.0,0.8518518518518519,0.05893151619368131,0.8796166015995873,0.820685085405906,0.12024504409895997,0.843704824315177,0.723459780216217,0.9525739672007384,0.40569189259851424,1.0,0.9343993266423544,0.1792568378150463,0.6666666666666666,0.9749966031975217,0.8143120408058167,1.0,0.9483259717623392,0.22350679917467964,0.031100151191155168,0.11979200773768961,0.03159407128890357,0.12102518545256724,0.031188888102769763,0.13290238645341657,-0.0002913285046814984,-0.0004939200977484015,-8.873691161459529e-05,0.0004051831861338062,-0.0071717782153022935,-0.0012331777148776313,-0.013110378715726956,-0.011877201000849325
V3,120,V3@120M,layer_1,1,1.0,1.0,0.9629629629629629,0.10446062419149604,0.8234566979938083,0.7189960738023122,0.19811136391427775,0.8912521249718136,0.6931407610575359,0.9789581497510275,0.4236337792266298,1.0,0.9748153852091895,0.14547636898027527,1.0,0.9777294960286882,0.9375031044085821,1.0,0.9843295680152045,0.18792186429103216,0.05180523321032526,0.19217857387330795,0.06230040101541412,0.18993992275661897,0.05090096758471596,0.2095905866887835,-0.004795451089739777,-0.010495167805088856,0.0009042656256093018,0.011399433430698158,-0.00758668084939329,0.002238651116688972,-0.017412012815475553,-0.019650663932164525
V3,120,V3@120M,layer_2,2,1.0,1.0,0.9814814814814815,0.05724928594297829,0.9007507231500413,0.843501437207063,0.14508134722709654,0.8774277985095977,0.7323464512825012,0.9780183887040174,0.4193730715110346,1.0,0.9688500331507789,0.13723414122230476,1.0,0.9924255576398637,0.9602709578143226,1.0,0.9727795753214095,0.1606141154964765,0.028220888972282476,0.13944623470306394,0.03543294494350746,0.1351407931910621,0.027639087537924434,0.15495855344666365,-0.003315127268433471,-0.007212055971224984,0.0005818014343580424,0.007793857405583027,-0.005603438615798928,0.004305441512001851,-0.015512318743599707,-0.019817760255601558
V3,120,V3@120M,layer_3,3,1.0,1.0,1.0,0.08508047627078164,0.8485990232891507,0.7635185470183691,0.16213852696948583,0.896776991420322,0.7346384644508361,0.966201349540993,0.44982364649573964,1.0,0.9508221414354112,0.16791083249780867,0.8333333333333334,0.9828057024214003,0.953063040971756,1.0,0.9649762047661675,0.2284970660176542,0.04260613529218571,0.15770227114359536,0.0506789350675213,0.15464057591226366,0.04085599283377328,0.1778304219245911,-0.003161328658461582,-0.008072799775335593,0.0017501424584124292,0.009822942233748022,-0.008533227774832008,0.003061695231331707,-0.020128150780995724,-0.02318984601232743
V3,120,V3@120M,layer_4,4,1.0,1.0,1.0,0.0897644475930266,0.8294238381915622,0.7396593905985356,0.16733066307173827,0.8920384056038326,0.7247077425320944,0.9639044117044518,0.4799185698782957,1.0,0.9476124710506864,0.20905662162436378,0.8333333333333334,0.9746077822314368,0.9283216231399112,1.0,0.9694929818312327,0.30237746487061185,0.04417997888392877,0.16910069518619109,0.05463908339540169,0.16224984592861602,0.04360439462794197,0.18500130375226342,-0.004941760127743056,-0.010459104511472916,0.0005755842559868052,0.011034688767459722,-0.004524879654248637,0.006850849257575065,-0.01590060856607234,-0.022751457823647403
V3,120,V3@120M,layer_5,5,1.0,1.0,0.9444444444444444,0.0850823163158364,0.797854976521598,0.7127726602057616,0.1335222224394481,0.8816318730513255,0.7481096506118774,0.9492512466730895,0.4885320177784673,1.0,0.9250573582119412,0.22163562807771894,0.8333333333333334,0.9661575986279382,0.919820464319653,1.0,0.9565387831793891,0.3241399609380298,0.04211485352781086,0.13259343571133086,0.049391281025277345,0.13047972652647222,0.042128360685374955,0.14711942076683038,-0.0036449673275152916,-0.007276427497466487,-1.3507157564096595e-05,0.00726292033990239,-0.006206137935320433,0.0021137091848586476,-0.014525985055499513,-0.01663969424035816
V3,120,V3@120M,layer_6,6,1.0,1.0,0.9074074074074074,0.05889696776866904,0.8398841122786204,0.7809871445099513,0.13421840866406753,0.8797361592451731,0.7455177505811056,0.9530721935960981,0.46175381610238997,1.0,0.931153741147783,0.20797274261713028,0.6666666666666666,0.9720883270104727,0.8737228115399679,1.0,0.9559745126300387,0.3035658941500717,0.02925692713922934,0.1343950735198126,0.031030132290389867,0.13470236129230928,0.030640873644087074,0.1452018784152137,-0.0015785758280091322,-0.0017732051511605285,-0.001383946504857736,0.0003892586463027925,-0.0055570463339488785,-0.00030728777249666717,-0.01080680489540109,-0.010499517122904423
V3,120,V3@120M,final,7,1.0,1.0,0.8703703703703703,0.05292300846841602,0.8662657903300391,0.8133427818616231,0.11648076375325511,0.8701466759045918,0.7536659121513367,0.9539639442055313,0.43956414444579023,1.0,0.9294436408413781,0.1898400957385699,0.8333333333333334,0.9764400091436174,0.8474552631378174,1.0,0.9560081826315986,0.2813970744609833,0.027605966313017816,0.11747592224015135,0.028633906195561165,0.11666485865910847,0.02803486428327029,0.12813920776049292,-0.0007284189263979113,-0.0010279398825433494,-0.0004288979702524731,0.0005990419122908763,-0.004926110969649344,0.0008110635810428812,-0.01066328552034157,-0.011474349101384451
V3,25,V3@25M,layer_1,1,0.8333333333333334,1.0,0.9814814814814815,0.0746401839786105,0.8487741433911853,0.7741339594125748,0.13035608530044562,0.9144587437311809,0.7841026584307352,0.991719157607467,0.23001825116160843,0.8333333333333334,0.9945450491375394,0.12204503495660093,0.8333333333333334,0.9952921834256914,0.49269596487283707,0.8333333333333334,0.9853202402591705,0.0753137536553873,0.04247337099578652,0.12811539835400054,0.041674631420108965,0.12539072367880089,0.03667397457692356,0.13315082324875727,0.0032990679972702552,0.0007987395756775539,0.0057993964188629565,0.005000656843185403,-0.0011553751097785336,0.0027246746751996564,-0.005035424894756724,-0.00776009956995638
V3,25,V3@25M,layer_2,2,0.8333333333333334,1.0,0.8518518518518519,0.02981749508115983,0.9430001113149855,0.9131826162338257,0.1105950150224897,0.9121631814373864,0.8015681664148967,0.9846657514572144,0.24956207556857005,0.8333333333333334,0.9789838360415565,0.14890056062075827,0.6666666666666666,0.9959669841660393,0.5127690840098593,0.8333333333333334,0.9790464341640472,0.08701658207509252,0.015757503277725737,0.10796667469872367,0.017826396558019875,0.10599259999063271,0.014375243584314967,0.11382160451677104,-0.00034331679344168364,-0.0020688932802941373,0.00138225969341077,0.0034511529737049074,-0.0019404275549781969,0.001974074708090967,-0.005854929818047361,-0.007829004526138328
V3,25,V3@25M,layer_3,3,1.0,1.0,0.9814814814814815,0.04860609389013715,0.920079779293802,0.8714736854036649,0.14854599303669402,0.8960128989484575,0.7474669059117635,0.9592687200616906,0.253254904239266,1.0,0.9489522013399336,0.1486939216653506,1.0,0.9915573663181729,0.514883916411135,1.0,0.9372965925269656,0.0961868746413125,0.02594604425960123,0.1448891500631968,0.02847649099098315,0.14236547549565626,0.023649019002914384,0.15246744155883796,-0.00011671073734753623,-0.002530446731381919,0.0022970252566868465,0.0048274719880687655,-0.002527308464050304,0.002523674567540546,-0.007578291495641154,-0.0101019660631817
V3,25,V3@25M,layer_4,4,1.0,1.0,0.9814814814814815,0.0602294031116698,0.907996180984709,0.8477667778730392,0.14612287150488967,0.8969629830784268,0.7508401115735371,0.9426737791962093,0.25200405420252575,1.0,0.9255510403050317,0.1421252302825451,1.0,0.9903416004445817,0.5149827367729611,1.0,0.9121286968390147,0.09890419555207093,0.03104281193680236,0.14397548039754227,0.03622657143407404,0.1431451698144277,0.030117412904898333,0.15065646237797203,-0.002129180232683825,-0.005183759497271678,0.0009253990319040284,0.006109158529175707,-0.002925335698657605,0.0008303105831145574,-0.006680981980429768,-0.007511292563544325
V3,25,V3@25M,layer_5,5,1.0,1.0,0.9629629629629629,0.08469600420859125,0.8240178691016303,0.7393218648930391,0.10984170436859131,0.878537404537201,0.7686957001686097,0.9389040988904459,0.2706162202413436,1.0,0.9206977552837796,0.14790187858872944,1.0,0.9818954798910353,0.5416986321409544,1.0,0.9141190614965227,0.12224814999434683,0.043849087506532713,0.10878155695067515,0.04881632402539249,0.11145087612999804,0.043359954406817725,0.11017251014709473,-0.0022390517095723927,-0.0049672365188597745,0.000489133099714989,0.0054563696185747634,-0.0020301361878712343,-0.002669319179322893,-0.0013909531964195754,0.0012783659829033178
V3,25,V3@25M,layer_6,6,1.0,1.0,0.9074074074074074,0.06808307940761249,0.8107939114173254,0.7427108320097129,0.11570258670383027,0.8892616483900282,0.7735590616861979,0.9340519695370286,0.25402858404925577,1.0,0.9051104187965393,0.1233101547178295,1.0,0.9793049759334989,0.5146504317720731,1.0,0.9177405138810476,0.12412516565786468,0.033869364609320884,0.1176661517884996,0.03735208014647162,0.1157638986905416,0.034913582189215586,0.12024258110258312,-0.00226346655852272,-0.003482715537150738,-0.0010442175798947018,0.002438497957256036,-0.00033708810806276635,0.0019022530979579955,-0.002576429314083528,-0.004478682412041524
V3,25,V3@25M,final,7,1.0,1.0,0.9444444444444444,0.054595982200569604,0.8548858480321037,0.800289865831534,0.10249461068047416,0.8829012725088331,0.7804066618283589,0.9265307099730881,0.22159196526088096,1.0,0.8937725358539157,0.1023461249553495,1.0,0.9809149702390035,0.4601022054751714,1.0,0.9049046238263448,0.102327565352122,0.02809912082221777,0.10491809182696865,0.02996460555328262,0.10183482633696661,0.028837576260169362,0.10751694242159526,-0.0013019700845082194,-0.0018654847310648481,-0.0007384554379515906,0.0011270292931132575,0.00024220744768771452,0.0030832654900020406,-0.0025988505946266116,-0.005682116084628652
V3,50,V3@50M,layer_1,1,1.0,1.0,0.9814814814814815,0.10367308780550955,0.8434465775887171,0.7397734897832076,0.15764247311486135,0.8948030922147963,0.7371606190999349,0.9819630836998975,0.34556647217660036,1.0,0.9925576713350084,0.20246584796243244,0.8333333333333334,0.9803966250684526,0.7100905610455407,1.0,0.9729349546962314,0.12414300752182801,0.0543421595460839,0.15653902557161126,0.05891128703951831,0.15369840131865609,0.05170275312330985,0.16598243647151523,-0.0009648605353301809,-0.004569127493434411,0.002639406422774049,0.007208533916208459,-0.0033013933234743997,0.0028406242529551706,-0.00944341089990397,-0.01228403515285914
V3,50,V3@50M,layer_2,2,1.0,1.0,0.9074074074074074,0.04317627747853592,0.9323917180299759,0.88921544055144,0.1272889567746056,0.8840238683753543,0.7567349116007487,0.9814490753191488,0.3569020890389327,1.0,0.9811274641089969,0.21602508342928356,0.8333333333333334,0.9977535307407379,0.7654691388209661,1.0,0.9654662311077118,0.08921204486654864,0.02218818010555379,0.12643242478370664,0.02630824190047054,0.11854851113425358,0.021046079364087866,0.1362364477581448,-0.0014889805267254141,-0.004120061794916752,0.0011421007414659234,0.005262162536382675,-0.0009600546624925488,0.007883913649453067,-0.009804022974438165,-0.01768793662389123
V3,50,V3@50M,layer_3,3,1.0,1.0,1.0,0.07462174735135507,0.8944173372454114,0.8197955898940563,0.14827052619722159,0.8705473012394376,0.722276775042216,0.9581566243259996,0.3611004037989511,1.0,0.9514158566792806,0.20659883485900032,1.0,0.9932012293073866,0.772770075334443,1.0,0.9298527869913313,0.10393230120340984,0.038671707030799585,0.14850514928499858,0.04422402009367943,0.13937231302261355,0.035774182859394266,0.16300523281097412,-0.0013273944457372622,-0.005552313062879843,0.002897524171405319,0.008449837234285162,-0.002683623631795251,0.009132836262385036,-0.014500083525975538,-0.023632919788360573
V3,50,V3@50M,layer_4,4,1.0,1.0,0.9814814814814815,0.08367938225467997,0.8961790452400843,0.8124996629854043,0.14280469351344638,0.8636183970504336,0.7208137035369873,0.9538906194545604,0.33691756751526286,1.0,0.9407027794255151,0.1837847592929999,1.0,0.9884626732932197,0.710120353433821,1.0,0.9325064056449466,0.11684758981896771,0.0424813352525234,0.15166053507063115,0.049579014132420274,0.13763300445344706,0.041345414105388834,0.15982520845201287,-0.0029808788663811536,-0.007097678879896874,0.0011359211471345665,0.00823360002703144,0.0029314286179011884,0.014027530617184092,-0.008164673381381715,-0.022192203998565807
V3,50,V3@50M,layer_5,5,1.0,1.0,0.9444444444444444,0.09761350982718997,0.8221104625198576,0.7244969526926677,0.11697387231720813,0.8595274560981326,0.7425535837809245,0.9473628534211053,0.35695186547107166,1.0,0.9278309875064426,0.18237109689248931,1.0,0.9775749312506782,0.7259180181556277,1.0,0.9366826415061951,0.16256648136509788,0.05030439504318762,0.12147086991204159,0.052944714162084794,0.11362258195877073,0.050423421959082226,0.13248995343844094,-0.0013796730173958882,-0.002640319118897172,-0.00011902691589460446,0.0025212922030025675,-0.0015853977865642466,0.00784828795327086,-0.011019083526399354,-0.018867371479670214
V3,50,V3@50M,layer_6,6,1.0,1.0,0.7962962962962963,0.07005890640947554,0.8258972648117278,0.7558383584022522,0.12949056824048366,0.8716476221879323,0.7421570539474487,0.9476112612971552,0.31259554003675777,1.0,0.9273690117730035,0.1502213002079063,1.0,0.9733004603121016,0.6245165699058108,1.0,0.9421643118063608,0.16304874999655616,0.034745374570290255,0.13276595539516878,0.03674077681369259,0.12641876671049335,0.03590184839235411,0.14472125503751965,-0.001575938032733093,-0.0019954022434023333,-0.0011564738220638526,0.0008389284213384807,-0.0028040554788377192,0.006347188684675431,-0.01195529964235087,-0.0183024883270263
V3,50,V3@50M,final,7,1.0,1.0,0.8518518518518519,0.05991961989137862,0.8581652624739541,0.7982456425825755,0.10872373316023087,0.8620952977074517,0.7533715645472209,0.9455020195908017,0.28618469316926265,1.0,0.9214492870701684,0.130554286763072,1.0,0.9781559937530093,0.58595439294974,1.0,0.9369007779492272,0.1420453997949759,0.030882969912555458,0.11271435419718423,0.03170687961909513,0.10548048416773481,0.03146080979042576,0.12436819208992855,-0.0007008747922049863,-0.0008239097065396717,-0.0005778398778703009,0.00024606982866937077,-0.0022099839316474523,0.0072338700294494185,-0.011653837892744323,-0.01888770792219374
V3,75,V3@75M,layer_1,1,1.0,1.0,0.9444444444444444,0.11411277146803012,0.8319378412432141,0.717825069775184,0.15522231592072377,0.8959523234102461,0.7407300074895223,0.9806266140054772,0.4081233597739979,1.0,0.9844193392329745,0.18029165847433937,0.6666666666666666,0.9750121898121304,0.8404489341709349,1.0,0.9824483129713271,0.20362948667671946,0.05807584904962115,0.1532722353935242,0.06903322098983666,0.15531300306320195,0.05608639261788795,0.1625531567467583,-0.004483957754241152,-0.01095737194021551,0.0019894564317332053,0.012946828371948715,-0.005660844511455931,-0.0020407676696777566,-0.009280921353234106,-0.00724015368355635
V3,75,V3@75M,layer_2,2,1.0,1.0,1.0,0.056239126374324155,0.9141863286495209,0.8579472022751967,0.11405274271965027,0.8844138244787852,0.770361081759135,0.9840884881990929,0.38320243496585776,1.0,0.980867452091641,0.17199719697237015,0.8333333333333334,0.9933797915776571,0.8297669059700437,1.0,0.9780182209279802,0.14784320195515951,0.028248661508162853,0.11161070002449891,0.03453426700499318,0.11126259101761715,0.027698941694365597,0.12026603751712373,-0.0028679428415165353,-0.0062856054968303265,0.0005497198137972559,0.006835325310627582,-0.004153614242871528,0.0003481090068817583,-0.008655337492624815,-0.009003446499506573
V3,75,V3@75M,layer_3,3,1.0,1.0,0.9814814814814815,0.08601518380973072,0.8774183972014321,0.7914032133917014,0.14481159051259362,0.8873796463012695,0.7425680557886759,0.9627563224898443,0.4004237911215535,1.0,0.9531398349338107,0.16945061542921597,0.8333333333333334,0.9856699738237593,0.8585422486066818,1.0,0.9494591587119632,0.17327850932876268,0.04390370291140344,0.14383986790974934,0.05114046583573029,0.14256489740477662,0.041508633395036076,0.15593997240066537,-0.00242084670397974,-0.007236762924326845,0.002395069516367365,0.00963183244069421,-0.005412566992971657,0.0012749705049727167,-0.01210010449091603,-0.013375074995888747
V3,75,V3@75M,layer_4,4,1.0,1.0,0.9444444444444444,0.08164852824476032,0.8686645444896486,0.7870160162448883,0.15678427616755164,0.888936444123586,0.7321521679560343,0.9582817565511775,0.40593717605979357,1.0,0.9434270262718201,0.17891056877043512,1.0,0.9805130263169607,0.8247384147511588,1.0,0.9509052170647515,0.2141625446577867,0.04025798936684921,0.16180904838773935,0.04988653072052529,0.15708045495880973,0.040247153325213225,0.17183491653866234,-0.004808852656020046,-0.009628541353676079,1.0836041635986504e-05,0.009639377395312065,-0.0026486373609966862,0.004728593428929617,-0.01002586815092299,-0.014754461579852607
V3,75,V3@75M,layer_5,5,1.0,1.0,1.0,0.10030227709147665,0.8385275486442778,0.7382252715528012,0.15981286035643683,0.8767420775360532,0.7169292171796163,0.9423403044541677,0.4271701095556771,1.0,0.9163442816999223,0.18059265282418993,1.0,0.9687370359897614,0.8553064614534378,1.0,0.9419395956728194,0.24561121438940367,0.05037340381079247,0.16575899587737197,0.05841501090261669,0.16405213475227354,0.05192690665523214,0.1664612048202091,-0.004797554968131945,-0.008041607091824221,-0.0015535028444396692,0.006488104247384552,0.000502326091130656,0.0017068611250984356,-0.0007022089428371237,-0.0024090700679355592
V3,75,V3@75M,layer_6,6,1.0,1.0,0.9814814814814815,0.06367687980333969,0.8658487995465597,0.80217191974322,0.12288697229491341,0.8604277975029415,0.7375408252080281,0.9463092971731116,0.37917624331182903,1.0,0.921739376253552,0.1480452058215936,1.0,0.9756977789931827,0.7828537623087565,1.0,0.9414907362725999,0.206629761805137,0.030635100851456376,0.12685774829652574,0.03531121710936236,0.121067695485221,0.03327781326240964,0.12976344360245606,-0.0036594143344296226,-0.004676116257905982,-0.002642712410953263,0.0020334038469527194,0.0014421787526872065,0.005790052811304736,-0.0029056953059303225,-0.008695748117235058
V3,75,V3@75M,final,7,1.0,1.0,0.9814814814814815,0.05773354296882949,0.884830708305041,0.8270971653362115,0.1059033102459378,0.8519772238201565,0.7460739135742187,0.9458271110499347,0.3596300972556626,1.0,0.9180651240878634,0.13530341163277626,1.0,0.9784299433231354,0.7524432357814577,1.0,0.9409862657388052,0.19114364435275397,0.02900245057211981,0.11084000468254096,0.032399336496988895,0.10380958782302008,0.03082399012313941,0.11269291241963708,-0.002609212737944344,-0.0033968859248690864,-0.001821539551019602,0.0015753463738494844,0.002588754561212381,0.007030416859520883,-0.0018529077370961211,-0.008883324596617004
